"whichsnp1","whichsnp2","FB.g1","FB.g2","FM.g1","FM.g2","rilname","pos1","pos2","cM1","cM2"
1,43619,0,0,1,0,"B_QG3143",162763,10876899,0.00098657331309528,21.7349733708399
42066,43623,1,0,0,0,"B_QG3143",10451952,10880208,21.4866026742155,21.7369073970482
1,2808,0,0,0.5,0.5,"B_QG3144",162763,1197165,0.00098657331309528,5.95766112047612
2759,3195,0.5,0.5,0,0,"B_QG3144",1181893,1326110,5.91384065234934,6.33546646227402
3193,6022,0,0,0.5,0.5,"B_QG3144",1324794,2458438,6.32964186154777,15.7674734183473
6003,6136,0,1,0,0,"B_QG3144",2449013,2517054,15.7437417110452,16.647739639932
6117,49680,0,0,1,0,"B_QG3144",2482555,14703211,16.1468884597118,52.3366548712322
49681,49721,0,0.5,0,0.5,"B_QG3144",14703556,14726020,52.3375797578839,52.39780194265
1,4641,0,0,0.5,0.5,"B_QG3145",162763,2002460,0.00098657331309528,14.3727373408241
4584,5386,1,0,0,0,"B_QG3145",1972986,2242160,14.2584197221288,15.2196905832809
5380,35253,0,0,0,1,"B_QG3145",2240661,8847466,15.2146608072599,21.0506707104784
35242,46891,1,0,0,0,"B_QG3145",8847226,12863703,21.0506366747697,32.6455367659683
46596,47275,0,0,1,0,"B_QG3145",12645491,13011130,30.3018054187322,34.4047195566576
47231,47877,0,1,0,0,"B_QG3145",12988946,13405059,34.1614130624601,38.7333503419708
47568,49721,0,0,1,0,"B_QG3145",13196226,14726020,36.6603311564584,52.39780194265
1,3843,0,0,0.5,0.5,"B_QG3146",162763,1646800,0.00098657331309528,9.06728719616361
3844,5813,0,1,0,0,"B_QG3146",1651009,2378889,9.1108788869525,15.5671727728121
5813,49721,0,0,0,1,"B_QG3146",2378889,14726020,15.5671727728121,52.39780194265
1,41607,0,0,1,0,"B_QG3147",162763,10287802,0.00098657331309528,21.390661180686
41606,48311,0,0,0,1,"B_QG3147",10287157,13714458,21.3902841946164,41.1081728332159
48312,48400,1,0,0,0,"B_QG3147",13720492,13763507,41.1275040960067,41.4664152911532
48399,48965,0,0,0,1,"B_QG3147",13763078,14194835,41.4626867255853,45.403248285408
48966,49721,0,1,0,0,"B_QG3147",14238695,14726020,45.7659397155354,52.39780194265
1,3740,0,0,0.5,0.5,"B_QG3148",162763,1599949,0.00098657331309528,8.31413177594294
3741,4575,0,1,0,0,"B_QG3148",1601580,1965033,8.3252167581239,14.2275732804689
4576,15461,0,0,0,1,"B_QG3148",1969568,5389341,14.2451626948946,19.2645854190063
15417,47126,1,0,0,0,"B_QG3148",5369889,12935729,19.2110631309472,33.5777472807386
46188,47140,0,1,0,0,"B_QG3148",12309402,12939534,27.8253650436158,33.6194792141331
1,4281,0,1,0,0,"B_QG3149",162763,1828383,0.00098657331309528,13.0365685624813
4266,48872,0,0,0,1,"B_QG3149",1822916,14122429,12.8362199119861,44.9840211021699
48730,48975,0,1,0,0,"B_QG3149",14036929,14263798,44.4889803021415,46.0590815642165
48976,49721,0,0,0,1,"B_QG3149",14268324,14726020,46.1856032619176,52.39780194265
1,26024,0,1,0,0,"B_QG3150",162763,7132474,0.00098657331309528,20.8074583429389
26025,44217,0,0,1,0,"B_QG3150",7132540,11140747,20.8074677027588,22.4121509150648
44111,45715,0,1,0,0,"B_QG3150",11108619,12094645,22.386188115578,24.228209826233
45716,48116,0,0,1,0,"B_QG3150",12095693,13614577,24.2302683591677,40.7881818059024
48117,49721,0,1,0,0,"B_QG3150",13615305,14726020,40.7905141160303,52.39780194265
1,5168,0,0,0.5,0.5,"B_QG3151",162763,2170426,0.00098657331309528,14.9789928160429
5122,43468,0,1,0,0,"B_QG3151",2142733,10812003,14.8860711433616,21.6970433119664
43468,47775,0,0,0,1,"B_QG3151",10812003,13297506,21.6970433119664,37.4093949784378
47766,48038,1,0,0,0,"B_QG3151",13289731,13571635,37.346436962141,40.6506075455836
48028,48905,0,0,1,0,"B_QG3151",13567253,14143368,40.6365688326984,45.1052568835944
48895,49721,0,1,0,0,"B_QG3151",14136903,14726020,45.0678248511712,52.39780194265
1,2401,0,0,0.5,0.5,"B_QG3152",162763,1018857,0.00098657331309528,2.72781225625237
2393,45477,1,0,0,0,"B_QG3152",1005384,12005326,2.48321502224713,24.0527650712758
45464,45559,0,0,1,0,"B_QG3152",11995284,12043015,24.0330400829836,24.1267956512149
45560,49721,1,0,0,0,"B_QG3152",12044276,14726020,24.1292725691831,52.39780194265
1,3563,0.5,0.5,0,0,"B_QG3153",162763,1492720,0.00098657331309528,7.38562358967028
3563,45963,0,0,1,0,"B_QG3153",1492720,12178636,7.38562358967028,24.393189062606
45556,46195,0,0,0,1,"B_QG3153",12042263,12343659,24.1253185359793,27.9304284109482
46196,46197,0.333333333333333,0.333333333333333,0.333333333333333,0,"B_QG3153",12359763,12359792,27.9798180383972,27.9799069789831
46198,47877,0,0,0,1,"B_QG3153",12373985,13405059,28.0234357285102,38.7333503419708
47478,48973,0,0,1,0,"B_QG3153",13144838,14259816,36.2009537766489,46.0125815107788
48952,49677,1,0,0,0,"B_QG3153",14175368,14619371,45.2905353116752,52.1118940107094
49678,49721,0,0.5,0,0.5,"B_QG3153",14702846,14726020,52.335676367963,52.39780194265
1,4339,0,1,0,0,"B_QG3154",162763,1854852,0.00098657331309528,13.6643806770672
4325,47126,1,0,0,0,"B_QG3154",1846998,12935729,13.6219314474209,33.5777472807386
46188,47877,0,1,0,0,"B_QG3154",12309402,13405059,27.8253650436158,38.7333503419708
47820,48334,1,0,0,0,"B_QG3154",13313207,13723650,37.5365337326341,41.1376214523033
48333,49721,0,0,0,1,"B_QG3154",13723617,14726020,41.1375157294541,52.39780194265
1,47877,1,0,0,0,"B_QG3155",162763,13405059,0.00098657331309528,38.7333503419708
47820,49721,0,0,0,1,"B_QG3155",13313207,14726020,37.5365337326341,52.39780194265
1,10323,0,0,0.5,0.5,"B_QG3156",162763,3674071,0.00098657331309528,17.5313411822551
10311,33003,0,1,0,0,"B_QG3156",3668433,8545787,17.5269217923189,21.0078879664033
32983,49721,0,0,0,1,"B_QG3156",8541466,14726020,21.0072751818304,52.39780194265
1,46195,0,0,0,1,"B_QG3157",162763,12343659,0.00098657331309528,27.9304284109482
46196,48478,0,1,0,0,"B_QG3157",12359763,13869883,27.9798180383972,42.4743619876342
48479,48888,0,0,1,0,"B_QG3157",13873084,14133482,42.5186359346864,45.0480174292192
48717,49721,0,1,0,0,"B_QG3157",14030411,14726020,44.4512414023218,52.39780194265
1,1878,0,0,0.5,0.5,"B_QG3158",162763,773048,0.00098657331309528,1.18123034702889
1839,2414,0.5,0.5,0,0,"B_QG3158",764595,1021948,1.14122465001294,2.78392819556137
2411,45335,0,0,1,0,"B_QG3158",1021902,11845028,2.78309308290908,23.7036299237873
44758,47500,0,1,0,0,"B_QG3158",11589531,13167878,22.7748155379755,36.4069173251585
47501,49721,0,0,1,0,"B_QG3158",13170452,14726020,36.4299273153435,52.39780194265
1,5553,0,0,0.5,0.5,"B_QG3159",162763,2277016,0.00098657331309528,15.3106613438488
5554,46252,1,0,0,0,"B_QG3159",2277201,12504295,15.3111271651593,28.3641518033817
45982,47877,0,0,1,0,"B_QG3159",12213380,13405059,24.4614349292887,38.7333503419708
47568,49677,0,1,0,0,"B_QG3159",13196226,14619371,36.6603311564584,52.1118940107094
49046,49721,1,0,0,0,"B_QG3159",14303498,14726020,48.0215806648412,52.39780194265
1,47221,0,0,1,0,"B_QG3160",162763,12984903,0.00098657331309528,34.1170708267929
47207,47229,0,1,0,0,"B_QG3160",12974551,12988853,34.0035336455843,34.1603930703956
1,45335,0,0,0,1,"B_QG3161",162763,11845028,0.00098657331309528,23.7036299237873
45323,47877,0,0,1,0,"B_QG3161",11839700,13405059,23.6912889905788,38.7333503419708
47568,49721,0,1,0,0,"B_QG3161",13196226,14726020,36.6603311564584,52.39780194265
1,48528,0,1,0,0,"B_QG3162",162763,13901052,0.00098657331309528,42.9054693464808
48529,49677,1,0,0,0,"B_QG3162",13902214,14619371,42.9215413010183,52.1118940107094
49046,49721,0,0.5,0,0.5,"B_QG3162",14303498,14726020,48.0215806648412,52.39780194265
1,45638,1,0,0,0,"B_QG3163",162763,12064218,0.00098657331309528,24.1684436224121
45639,46891,0,0,0,1,"B_QG3163",12064314,12863703,24.1686321903145,32.6455367659683
46651,48290,0,1,0,0,"B_QG3163",12710930,13699958,30.9303745296269,41.0617188540202
48272,49504,0,0,1,0,"B_QG3163",13662732,14551487,40.9424570726727,51.2862325244694
49332,49721,1,0,0,0,"B_QG3163",14513968,14726020,51.0686421434813,52.39780194265
1,1814,0,0,0.5,0.5,"B_QG3164",162763,702074,0.00098657331309528,0.84533015301378
1749,5074,0,1,0,0,"B_QG3164",674419,2128499,0.71444673281078,14.8383100813985
5075,5296,0,0,0.5,0.5,"B_QG3164",2135413,2202680,14.8615094619249,15.0872185637287
5297,44373,0,1,0,0,"B_QG3164",2203585,11367245,15.0902552196987,22.5951850957843
44374,49721,1,0,0,0,"B_QG3164",11369221,14726020,22.5967819113902,52.39780194265
1,5386,0,0,0.5,0.5,"B_QG3165",162763,2242160,0.00098657331309528,15.2196905832809
5380,43908,1,0,0,0,"B_QG3165",2240661,11049042,15.2146608072599,22.3380436401976
43597,46271,0,0,0,1,"B_QG3165",10861023,12522141,21.7256942532568,28.3641518263288
46271,47460,0,1,0,0,"B_QG3165",12522141,13102089,28.3641518263288,35.8188037881404
47460,48965,0,0,0,1,"B_QG3165",13102089,14194835,35.8188037881404,45.403248285408
48966,49721,0,1,0,0,"B_QG3165",14238695,14726020,45.7659397155354,52.39780194265
1,44230,0,0,1,0,"B_QG3166",162763,11145781,0.00098657331309528,22.4162189159555
44230,48021,0,0,0,1,"B_QG3166",11145781,13558816,22.4162189159555,40.6095390242519
47568,48968,0,1,0,0,"B_QG3166",13196226,14244969,36.6603311564584,45.8392047419715
48920,49174,0,0,1,0,"B_QG3166",14145127,14443187,45.115441407188,50.5539740947665
49171,49721,1,0,0,0,"B_QG3166",14440609,14726020,50.534708208156,52.39780194265
1,4339,0,0,0.5,0.5,"B_QG3167",162763,1854852,0.00098657331309528,13.6643806770672
4325,47126,0,1,0,0,"B_QG3167",1846998,12935729,13.6219314474209,33.5777472807386
46188,48731,1,0,0,0,"B_QG3167",12309402,14036938,27.8253650436158,44.4890324116994
48732,49721,0,1,0,0,"B_QG3167",14041553,14726020,44.5157530349992,52.39780194265
1,8455,0,0,0.5,0.5,"B_QG3168",162763,3262833,0.00098657331309528,17.267039619156
8434,47877,0,1,0,0,"B_QG3168",3250647,13405059,17.2602923823345,38.7333503419708
47568,48965,0,0,1,0,"B_QG3168",13196226,14194835,36.6603311564584,45.403248285408
48966,49721,0,0,0,1,"B_QG3168",14238695,14726020,45.7659397155354,52.39780194265
1,1642,0.5,0.5,0,0,"B_QG3169",162763,614114,0.00098657331309528,0.429039947226187
1541,6036,0,0,0.5,0.5,"B_QG3169",607613,2461953,0.398272523080835,15.7778787566844
6023,48585,1,0,0,0,"B_QG3169",2458702,13930777,15.768138157947,43.3166043280879
48584,48592,0,0,1,0,"B_QG3169",13930736,13937402,43.3160372453547,43.3976622338903
1,46891,0,0,1,0,"B_QG3170",162763,12863703,0.00098657331309528,32.6455367659683
46596,47445,1,0,0,0,"B_QG3170",12645491,13093237,30.3018054187322,35.7396723067425
47413,49721,0,1,0,0,"B_QG3170",13087649,14726020,35.6897189947168,52.39780194265
1,48264,0,0,1,0,"B_QG3171",162763,13653201,0.00098657331309528,40.9119223915889
48265,49721,1,0,0,0,"B_QG3171",13655303,14726020,40.9186566167109,52.39780194265
1,8882,0,0,0.5,0.5,"B_QG3172",162763,3360534,0.00098657331309528,17.3211354491826
8883,39535,0,1,0,0,"B_QG3172",3361670,9757664,17.3217644382708,21.1797508522574
39325,41593,0,0,0,1,"B_QG3172",9714059,10281899,21.173566989425,21.3872110275559
41402,45235,1,0,0,0,"B_QG3172",10248142,11811491,21.3674809209639,23.6259501420659
45236,45557,0,0,0,1,"B_QG3172",11811703,12042983,23.6264411852041,24.1267327952475
45323,46339,0,1,0,0,"B_QG3172",11839700,12559249,23.6912889905788,29.2513317231451
46340,47877,0,0,0,1,"B_QG3172",12559713,13405059,29.2629981953297,38.7333503419708
47478,47990,0,0,1,0,"B_QG3172",13144838,13538453,36.2009537766489,40.498846172304
47904,48453,0,1,0,0,"B_QG3172",13486079,13810163,40.2098321601665,41.8719163520837
48448,48968,0,0,1,0,"B_QG3172",13802505,14244969,41.8053584147422,45.8392047419715
48920,49721,0,1,0,0,"B_QG3172",14145127,14726020,45.115441407188,52.39780194265
1,4005,0,0,0.5,0.5,"B_QG3173",162763,1728016,0.00098657331309528,10.0226995499966
3929,6243,1,0,0,0,"B_QG3173",1713334,2546269,9.81904998973826,16.8702870337461
6244,48528,0,1,0,0,"B_QG3173",2547179,13901052,16.8707908894417,42.9054693464808
48529,48968,1,0,0,0,"B_QG3173",13902214,14244969,42.9215413010183,45.8392047419715
48952,49721,0,1,0,0,"B_QG3173",14175368,14726020,45.2905353116752,52.39780194265
1,5894,1,0,0,0,"B_QG3174",162763,2408406,0.00098657331309528,15.6414951923807
5894,9270,0,1,0,0,"B_QG3174",2408406,3447845,15.6414951923807,17.369478465277
9270,9271,0.333333333333333,0,0.333333333333333,0.333333333333333,"B_QG3174",3447845,3447933,17.369478465277,17.3695271897839
9272,49721,0,1,0,0,"B_QG3174",3448141,14726020,17.3696423568,52.39780194265
1,2593,0.5,0.5,0,0,"B_QG3175",162763,1094105,0.00098657331309528,5.03354143608394
2592,48641,0,0,1,0,"B_QG3175",1093893,13966207,5.03069659589055,43.7248555542012
48640,49721,1,0,0,0,"B_QG3175",13966204,14726020,43.7248214774798,52.39780194265
1,47395,0,0,1,0,"B_QG3176",162763,13073783,0.00098657331309528,35.4443468237981
47393,47400,0.5,0.5,0,0,"B_QG3176",13073491,13079339,35.4389393441669,35.5472370869175
1,4575,0,0,0.5,0.5,"B_QG3177",162763,1965033,0.00098657331309528,14.2275732804689
4387,27196,1,0,0,0,"B_QG3177",1877316,7369013,13.7857939053299,20.8410032283993
27194,46593,0,0,1,0,"B_QG3177",7368360,12645063,20.8409106229084,30.2979790082367
46591,49721,1,0,0,0,"B_QG3177",12640076,14726020,30.2533941737957,52.39780194265
1,2133,0.5,0.5,0,0,"B_QG3178",162763,880387,0.00098657331309528,1.61360291858235
2129,3792,0,0,0.5,0.5,"B_QG3178",880084,1620904,1.6125366791803,8.45655102891779
3793,47518,1,0,0,0,"B_QG3178",1622228,13178946,8.46554950617566,36.5058584950762
47478,48286,0,0,1,0,"B_QG3178",13144838,13686363,36.2009537766489,41.0181642438708
48272,49721,0,0,0,1,"B_QG3178",13662732,14726020,40.9424570726727,52.39780194265
1,11291,0,0,0.5,0.5,"B_QG3179",162763,3914284,0.00098657331309528,17.7196340014725
11290,30902,0,1,0,0,"B_QG3179",3914242,8131150,17.7196010794474,20.9490860323771
30904,49721,0,1,0,0,"B_QG3179",8131417,14726020,20.949123897103,52.39780194265
1,49721,0,1,0,0,"B_QG3180",162763,14726020,0.00098657331309528,52.39780194265
1,36882,0,1,0,0,"B_QG3181",162763,9158772,0.00098657331309528,21.0948187119206
36882,44238,0,0,1,0,"B_QG3181",9158772,11148570,21.0948187119206,22.4184727209782
44239,48170,1,0,0,0,"B_QG3181",11149666,13628542,22.419358404128,40.8329217934519
48171,49721,0,0,0,1,"B_QG3181",13629501,14726020,40.8359941635242,52.39780194265
1,2296,0,0,0.5,0.5,"B_QG3182",162763,942189,0.00098657331309528,1.83108056718225
2297,5384,0,1,0,0,"B_QG3182",955463,2241988,1.87779100224123,15.2191134508756
5385,10310,0,0,0.5,0.5,"B_QG3182",2242158,3668138,15.219683872439,17.5266905542857
10311,13338,1,0,0,0,"B_QG3182",3668433,4658682,17.5269217923189,18.6754921298921
12492,47275,0,0,1,0,"B_QG3182",4338785,13011130,18.4968953052081,34.4047195566576
47231,48371,0,1,0,0,"B_QG3182",12988946,13750355,34.1614130624601,41.3521073789157
48345,49721,0,0,0,1,"B_QG3182",13729071,14726020,41.1671218554922,52.39780194265
1,15324,1,0,0,0,"B_QG3183",162763,5335815,0.00098657331309528,19.117308327157
15319,47126,0,1,0,0,"B_QG3183",5333155,12935729,19.1099893221067,33.5777472807386
46188,49025,1,0,0,0,"B_QG3183",12309402,14289356,27.8253650436158,47.1899753262896
48952,49721,0,1,0,0,"B_QG3183",14175368,14726020,45.2905353116752,52.39780194265
1,32288,1,0,0,0,"B_QG3185",162763,8419480,0.00098657331309528,20.9899756819688
32290,44372,1,0,0,0,"B_QG3185",8419652,11366365,20.9900000742267,22.5944739633282
44228,46891,0,0,0,1,"B_QG3185",11144694,12863703,22.4153405057513,32.6455367659683
46651,47251,1,0,0,0,"B_QG3185",12710930,13001707,30.9303745296269,34.3013713284381
47231,47347,0,0,1,0,"B_QG3185",12988946,13038037,34.1614130624601,34.7823750193585
47345,47713,1,0,0,0,"B_QG3185",13037947,13266193,34.7807083304311,37.1777898499271
47679,48474,0,1,0,0,"B_QG3185",13259541,13848712,37.1310504647561,42.206957084204
48474,48945,1,0,0,0,"B_QG3185",13848712,14157305,42.206957084204,45.1859514289745
48946,48951,0,0.333333333333333,0.333333333333333,0.333333333333333,"B_QG3185",14160134,14166648,45.202331200007,45.2400469400232
48952,49677,1,0,0,0,"B_QG3185",14175368,14619371,45.2905353116752,52.1118940107094
49678,49721,0,0.5,0,0.5,"B_QG3185",14702846,14726020,52.335676367963,52.39780194265
1,2296,0,0,0.5,0.5,"B_QG3186",162763,942189,0.00098657331309528,1.83108056718225
2297,9939,1,0,0,0,"B_QG3186",955463,3571953,1.87779100224123,17.4512951975964
9929,18050,0,0,1,0,"B_QG3186",3571615,5871492,17.4510302536804,20.0075741090682
18050,18051,1,0,0,0,"B_QG3186",5871492,5871614,20.0075741090682,20.0077158851004
18052,46521,0,0,1,0,"B_QG3186",5871818,12617813,20.0079529532197,30.0543582465526
46271,47877,0,0,0,1,"B_QG3186",12522141,13405059,28.3641518263288,38.7333503419708
47478,48238,0,0,1,0,"B_QG3186",13144838,13646258,36.2009537766489,40.8896789448609
48239,49721,0,1,0,0,"B_QG3186",13646687,14726020,40.8910533419006,52.39780194265
1,37140,0,1,0,0,"B_QG3187",162763,9236354,0.00098657331309528,21.1058210384028
36382,37207,1,0,0,0,"B_QG3187",9039065,9261403,21.0778424094766,21.1093733736875
1,3598,0,0,0.5,0.5,"B_QG3188",162763,1505495,0.00098657331309528,7.5210838639139
3597,45106,1,0,0,0,"B_QG3188",1505489,11733708,7.52102040479491,23.4457859514216
44758,45121,0,0.5,0.5,0,"B_QG3188",11589531,11740881,22.7748155379755,23.4624003496769
1,49721,0,0,1,0,"B_QG3190",162763,14726020,0.00098657331309528,52.39780194265
1,49721,0,1,0,0,"B_QG3192",162763,14726020,0.00098657331309528,52.39780194265
1,3063,0,0,0.5,0.5,"B_QG3193",162763,1282283,0.00098657331309528,6.20189308786844
3063,45263,0.96,0.04,0,0,"B_QG3193",1282283,11818049,6.20189308786844,23.6411400519722
45218,47748,0,1,0,0,"B_QG3193",11798552,13281289,23.5959802969487,37.2838598677476
47750,49721,0,1,0,0,"B_QG3193",13282439,14726020,37.2919401883951,52.39780194265
1,17863,1,0,0,0,"B_QG3194",162763,5850235,0.00098657331309528,19.9828713786099
17806,48027,0,1,0,0,"B_QG3194",5828986,13565996,19.9581779449406,40.6325417532605
48024,48872,0,0,0,1,"B_QG3194",13560248,14122429,40.6141267551628,44.9840211021699
48730,48932,0,1,0,0,"B_QG3194",14036929,14150705,44.4889803021415,45.1477377531828
48929,48965,0,0,0,1,"B_QG3194",14149026,14194835,45.1380164256595,45.403248285408
48966,49721,1,0,0,0,"B_QG3194",14238695,14726020,45.7659397155354,52.39780194265
1,33156,0,0,1,0,"B_QG3196",162763,8566911,0.00098657331309528,21.0108836760345
33152,45963,0,0,0,1,"B_QG3196",8565466,12178636,21.0106787527048,24.393189062606
45556,47877,0,0,1,0,"B_QG3196",12042263,13405059,24.1253185359793,38.7333503419708
47568,48444,0,1,0,0,"B_QG3196",13196226,13798555,36.6603311564584,41.7710277993728
48306,48473,0,0,1,0,"B_QG3196",13706558,13836560,41.082863423861,42.1013404669967
48463,49721,1,0,0,0,"B_QG3196",13828588,14726020,42.0320534630157,52.39780194265
1,2055,0,0,0.5,0.5,"B_QG3197",162763,848699,0.00098657331309528,1.5020946869906
2046,2721,0.5,0.5,0,0,"B_QG3197",848411,1142795,1.50108123171736,5.80165543346373
2720,8525,0,0,0.5,0.5,"B_QG3197",1142753,3272629,5.80153492143771,17.2724635426669
8489,18158,1,0,0,0,"B_QG3197",3269189,5894839,17.2705588573997,20.0347056256514
18159,18160,0,0.333333333333333,0.333333333333333,0.333333333333333,"B_QG3197",5895367,5895602,20.0353192137251,20.0355923069018
18160,47445,1,0,0,0,"B_QG3197",5895602,13093237,20.0355923069018,35.7396723067425
47413,48021,0,1,0,0,"B_QG3197",13087649,13558816,35.6897189947168,40.6095390242519
47568,49721,0,0,0,1,"B_QG3197",13196226,14726020,36.6603311564584,52.39780194265
1,5912,1,0,0,0,"B_QG3198",162763,2413948,0.00098657331309528,15.6554496880696
5907,44736,0,1,0,0,"B_QG3198",2412212,11577815,15.6510785216106,22.7653477790491
44724,49721,1,0,0,0,"B_QG3198",11558882,14726020,22.7500479258779,52.39780194265
1,4252,0,0,0.5,0.5,"B_QG3199",162763,1821547,0.00098657331309528,12.7860502938175
4252,4583,1,0,0,0,"B_QG3199",1821547,1971034,12.7860502938175,14.2508487106715
4576,19070,0,1,0,0,"B_QG3199",1969568,6049408,14.2451626948946,20.3627987581733
19070,43782,0,0,1,0,"B_QG3199",6049408,11007841,20.3627987581733,22.3047489034678
43783,46252,1,0,0,0,"B_QG3199",11008216,12504295,22.3050519428667,28.3641518033817
45982,46891,0,0,1,0,"B_QG3199",12213380,12863703,24.4614349292887,32.6455367659683
46596,49721,0,1,0,0,"B_QG3199",12645491,14726020,30.3018054187322,52.39780194265
1,7454,1,0,0,0,"B_QG3200",162763,2905753,0.00098657331309528,17.0693288589194
7455,13028,0,0,0,1,"B_QG3200",2906033,4504707,17.0694838914412,18.5895286914081
12912,15044,0,0,1,0,"B_QG3200",4476450,5195601,18.5737529558585,18.9752512039455
14925,15199,0,1,0,0,"B_QG3200",5161656,5245078,18.9562998876971,19.0028739546899
15197,45335,0,0,1,0,"B_QG3200",5227656,11845028,18.9931473430629,23.7036299237873
44758,47126,0,1,0,0,"B_QG3200",11589531,12935729,22.7748155379755,33.5777472807386
46188,47883,1,0,0,0,"B_QG3200",12309402,13476438,27.8253650436158,40.1566304934804
47820,49047,0,0,1,0,"B_QG3200",13313207,14303500,37.5365337326341,48.0216982774128
49048,49721,0,0.5,0,0.5,"B_QG3200",14305079,14726020,48.1145534027143,52.39780194265
1,45963,0,0,0,1,"B_QG3201",162763,12178636,0.00098657331309528,24.393189062606
45556,48520,0,0,1,0,"B_QG3201",12042263,13893198,24.1253185359793,42.7968384248477
48475,49721,0,0,0,1,"B_QG3201",13865984,14726020,42.4204338028307,52.39780194265
1,9452,1,0,0,0,"B_QG3202",162763,3484027,0.00098657331309528,17.3895119892125
8801,49721,0,0,0,1,"B_QG3202",3324538,14726020,17.3012049111365,52.39780194265
1,4339,0,1,0,0,"B_QG3203",162763,1854852,0.00098657331309528,13.6643806770672
4325,41983,0,0,0,1,"B_QG3203",1846998,10432571,13.6219314474209,21.4752749734169
41847,49677,0,1,0,0,"B_QG3203",10388290,14619371,21.4493938569077,52.1118940107094
49046,49721,1,0,0,0,"B_QG3203",14303498,14726020,48.0215806648412,52.39780194265
1,3695,0,0,0.5,0.5,"B_QG3204",162763,1566100,0.00098657331309528,8.08407931619845
3696,4542,0,1,0,0,"B_QG3204",1572217,1939563,8.12565309670178,14.1222259396812
4543,35902,1,0,0,0,"B_QG3204",1942339,8949266,14.1372296398975,21.0651075236038
35889,45335,0,1,0,0,"B_QG3204",8947017,11845028,21.0647885806498,23.7036299237873
45336,47126,1,0,0,0,"B_QG3204",11846119,12935729,23.7061569429559,33.5777472807386
46188,47665,0,1,0,0,"B_QG3204",12309402,13243331,27.8253650436158,37.0171530754562
47666,49721,1,0,0,0,"B_QG3204",13243820,14726020,37.0205889683228,52.39780194265
1,3613,0.5,0.5,0,0,"B_QG3268",162763,1521037,0.00098657331309528,7.68546413514389
3610,45963,0,0,0.97,0.03,"B_QG3268",1518890,12178636,7.66275634706444,24.393189062606
45556,48473,0,0,1,0,"B_QG3268",12042263,13836560,24.1253185359793,42.1013404669967
48463,48968,1,0,0,0,"B_QG3268",13828588,14244969,42.0320534630157,45.8392047419715
48952,49721,0,1,0,0,"B_QG3268",14175368,14726020,45.2905353116752,52.39780194265
1,13338,0,1,0,0,"B_QG3269",162763,4658682,0.00098657331309528,18.6754921298921
12704,15080,0,0,1,0,"B_QG3269",4417866,5203288,18.5410458145684,18.979542815906
15081,15199,0,1,0,0,"B_QG3269",5206341,5245078,18.9812472898641,19.0028739546899
15197,49721,0,0,1,0,"B_QG3269",5227656,14726020,18.9931473430629,52.39780194265
1,4572,0,0,0.5,0.5,"B_QG3270",162763,1961970,0.00098657331309528,14.2156931533717
4571,6022,0,1,0,0,"B_QG3270",1961967,2458438,14.2156815175959,15.7674734183473
6003,46252,0,0,1,0,"B_QG3270",2449013,12504295,15.7437417110452,28.3641518033817
45982,47883,1,0,0,0,"B_QG3270",12213380,13476438,24.4614349292887,40.1566304934804
47820,49721,0,0,1,0,"B_QG3270",13313207,14726020,37.5365337326341,52.39780194265
1,6621,0,1,0,0,"B_QG3271",162763,2639988,0.00098657331309528,16.9221780798383
6622,47883,0,0,1,0,"B_QG3271",2645907,13476438,16.9254553566106,40.1566304934804
47820,48386,1,0,0,0,"B_QG3271",13313207,13754261,37.5365337326341,41.3860555773037
48385,48686,0,1,0,0,"B_QG3271",13753953,13991229,41.3833786584344,44.0090781287828
48683,49504,0,0,1,0,"B_QG3271",13981797,14551487,43.9019409165914,51.2862325244694
49332,49721,1,0,0,0,"B_QG3271",14513968,14726020,51.0686421434813,52.39780194265
1,4299,0,0,0.5,0.5,"B_QG3272",162763,1839512,0.00098657331309528,13.4444120106908
4300,47275,0,1,0,0,"B_QG3272",1839539,13011130,13.4454014772288,34.4047195566576
47231,47877,0,0,1,0,"B_QG3272",12988946,13405059,34.1614130624601,38.7333503419708
47478,48455,0,0,0,1,"B_QG3272",13144838,13815645,36.2009537766489,41.9195620314394
48456,49721,0,0,1,0,"B_QG3272",13819062,14726020,41.9492601865577,52.39780194265
1,30717,0,0,1,0,"B_QG3273",162763,8104883,0.00098657331309528,20.9453609658705
28693,46252,0,1,0,0,"B_QG3273",7695616,12504295,20.8873205808274,28.3641518033817
46188,46891,0,0,1,0,"B_QG3273",12309402,12863703,27.8253650436158,32.6455367659683
46596,47231,0,1,0,0,"B_QG3273",12645491,12988946,30.3018054187322,34.1614130624601
47232,49721,0,0,0,1,"B_QG3273",12988991,14726020,34.1619066070075,52.39780194265
1,5068,0,0,0.5,0.5,"B_QG3274",162763,2115679,0.00098657331309528,14.7952935846746
5064,45019,0,1,0,0,"B_QG3274",2115307,11712619,14.794045368077,23.3969387403794
45004,49721,0,0,0,1,"B_QG3274",11711017,14726020,23.3932281219485,52.39780194265
1,4575,1,0,0,0,"B_QG3275",162763,1965033,0.00098657331309528,14.2275732804689
4387,49721,0,0,0.06,0.94,"B_QG3275",1877316,14726020,13.7857939053299,52.39780194265
1,5177,0,1,0,0,"B_QG3276",162763,2173742,0.00098657331309528,14.9901193919506
5175,5753,1,0,0,0,"B_QG3276",2173502,2364853,14.9893140909199,15.5318307840916
5754,30098,0,0,0,1,"B_QG3276",2365282,7968960,15.5329109859412,20.9260849840391
30100,47877,0,0,0,1,"B_QG3276",7969290,13405059,20.9261317831386,38.7333503419708
47478,49721,0,0,1,0,"B_QG3276",13144838,14726020,36.2009537766489,52.39780194265
1,36084,0,0,0,1,"B_QG3277",162763,8977464,0.00098657331309528,21.0691064357503
36082,44298,0,0,1,0,"B_QG3277",8974582,11330451,21.0686977236145,22.5654516780703
44280,47877,0,0,0,1,"B_QG3277",11284479,13405059,22.5283014720815,38.7333503419708
47478,49237,0,0,1,0,"B_QG3277",13144838,14481392,36.2009537766489,50.8394873600694
49236,49680,0,0.5,0,0.5,"B_QG3277",14476588,14703211,50.8035861501096,52.3366548712322
49678,49719,0,0,1,0,"B_QG3277",14702846,14723941,52.335676367963,52.3922284952618
1,2622,0,0,0.5,0.5,"B_QG3278",162763,1103058,0.00098657331309528,5.15368225802475
2623,47126,1,0,0,0,"B_QG3278",1107627,12935729,5.21499393181538,33.5777472807386
46188,48528,0,1,0,0,"B_QG3278",12309402,13901052,27.8253650436158,42.9054693464808
48529,48968,1,0,0,0,"B_QG3278",13902214,14244969,42.9215413010183,45.8392047419715
48952,49721,0,1,0,0,"B_QG3278",14175368,14726020,45.2905353116752,52.39780194265
1,4575,1,0,0,0,"B_QG3280",162763,1965033,0.00098657331309528,14.2275732804689
4576,5101,0,0,0.5,0.5,"B_QG3280",1969568,2138498,14.2451626948946,14.8718609355905
5099,15324,1,0,0,0,"B_QG3280",2138165,5335815,14.8707435804104,19.117308327157
15319,48021,0,1,0,0,"B_QG3280",5333155,13558816,19.1099893221067,40.6095390242519
47568,49027,0,0,0,1,"B_QG3280",13196226,14292602,36.6603311564584,47.380827374604
48969,49721,0,0,1,0,"B_QG3280",14246368,14726020,45.8555416517554,52.39780194265
1,2240,0,0,0.5,0.5,"B_QG3281",162763,905057,0.00098657331309528,1.70041521577273
2238,2279,0.5,0.5,0,0,"B_QG3281",904962,926427,1.70008091629023,1.77561500462389
2268,11291,0,0,0.5,0.5,"B_QG3281",922604,3914284,1.76216208966002,17.7196340014725
11290,48444,0,1,0,0,"B_QG3281",3914242,13798555,17.7196010794474,41.7710277993728
48306,48453,0,0,1,0,"B_QG3281",13706558,13810163,41.082863423861,41.8719163520837
48405,48699,0,0,0,1,"B_QG3281",13773838,14012946,41.5562050601105,44.2557595152502
48698,48885,1,0,0,0,"B_QG3281",14012736,14130699,44.2533741447497,45.0319039959271
48886,49721,0,0,1,0,"B_QG3281",14133264,14726020,45.0467552199279,52.39780194265
1,2808,0,0,0.5,0.5,"B_QG3282",162763,1197165,0.00098657331309528,5.95766112047612
2759,5985,1,0,0,0,"B_QG3282",1181893,2439701,5.91384065234934,15.7202945324355
5985,6388,0,1,0,0,"B_QG3282",2439701,2584063,15.7202945324355,16.8912131020568
6254,11820,1,0,0,0,"B_QG3282",2550012,4119799,16.8723594863493,17.8807285248391
11817,30717,0,1,0,0,"B_QG3282",4115447,8104883,17.8773171759561,20.9453609658705
28693,41913,0,0,1,0,"B_QG3282",7695616,10406005,20.8873205808274,21.4597478231452
41913,49027,0,0,0,1,"B_QG3282",10406005,14292602,21.4597478231452,47.380827374604
48969,49721,0,0,1,0,"B_QG3282",14246368,14726020,45.8555416517554,52.39780194265
1,45412,1,0,0,0,"B_QG3283",162763,11932165,0.00098657331309528,23.9054602347828
45350,48655,0,0,1,0,"B_QG3283",11896645,13971088,23.8231873467265,43.7802983799758
48656,49721,0,1,0,0,"B_QG3283",13973068,14726020,43.8027890161229,52.39780194265
1,1878,0.5,0.5,0,0,"B_QG3284",162763,773048,0.00098657331309528,1.18123034702889
1839,19654,0,0,0,1,"B_QG3284",764595,6136500,1.14122465001294,20.6310487366944
19654,46474,1,0,0,0,"B_QG3284",6136500,12596237,20.6310487366944,29.8101648214044
46447,48344,0,0,1,0,"B_QG3284",12588060,13727062,29.7112738197976,41.1496610437765
48312,49721,1,0,0,0,"B_QG3284",13720492,14726020,41.1275040960067,52.39780194265
1,4629,0,1,0,0,"B_QG3285",162763,1993156,0.00098657331309528,14.3366509214599
4624,49721,0.9,0,0.1,0,"B_QG3285",1990922,14726020,14.3279861470769,52.39780194265
45434,45436,0,0,1,0,"B_QG3285",11954317,11957012,23.9525706948766,23.9578643458871
1,48973,0,0,1,0,"B_QG3288",162763,14259816,0.00098657331309528,46.0125815107788
48952,49064,1,0,0,0,"B_QG3288",14175368,14349204,45.2905353116752,48.9670088750534
48984,49721,0,0,1,0,"B_QG3288",14270870,14726020,46.3071861487515,52.39780194265
1,2642,0,0,0.5,0.5,"B_QG3289",162763,1123730,0.00098657331309528,5.58396408455556
2643,46197,1,0,0,0,"B_QG3289",1124905,12359792,5.61149479366708,27.9799069789831
46198,49721,0,0,0,1,"B_QG3289",12373985,14726020,28.0234357285102,52.39780194265
1,13573,1,0,0,0,"B_QG3290",162763,4715346,0.00098657331309528,18.7071273452079
12704,22129,0,1,0,0,"B_QG3290",4417866,6507092,18.5410458145684,20.7187695112495
22131,30981,0,1,0,0,"B_QG3290",6507426,8139078,20.7188168776109,20.9502103452892
30982,46197,0,0,0,1,"B_QG3290",8139891,12359792,20.9503256412526,27.9799069789831
46198,49677,1,0,0,0,"B_QG3290",12373985,14619371,28.0234357285102,52.1118940107094
49678,49721,0,0.5,0,0.5,"B_QG3290",14702846,14726020,52.335676367963,52.39780194265
1,5594,1,0,0,0,"B_QG3291",162763,2294163,0.00098657331309528,15.3538366844438
5588,45550,0,0,0.97,0.03,"B_QG3291",2294057,12038649,15.3535697814227,24.118219740153
45551,45963,0,0,1,0,"B_QG3291",12040478,12178636,24.1218123515438,24.393189062606
45556,47252,0,0,0,1,"B_QG3291",12042263,13004600,24.1253185359793,34.3331007590057
47252,47877,0,0,1,0,"B_QG3291",13004600,13405059,34.3331007590057,38.7333503419708
47478,48444,0,0,0,1,"B_QG3291",13144838,13798555,36.2009537766489,41.7710277993728
48405,49721,0,1,0,0,"B_QG3291",13773838,14726020,41.5562050601105,52.39780194265
1,48973,1,0,0,0,"B_QG3292",162763,14259816,0.00098657331309528,46.0125815107788
48952,48983,0,0,1,0,"B_QG3292",14175368,14270737,45.2905353116752,46.3008348039169
1,3004,0,0,0.5,0.5,"B_QG3294",162763,1270913,0.00098657331309528,6.16926876082539
3003,37453,0,1,0,0,"B_QG3294",1270912,9312197,6.16926589149143,21.1165767478122
37452,37505,0,0,0,1,"B_QG3294",9310790,9318769,21.1163772134696,21.1175087589699
1,2655,0.5,0.5,0,0,"B_QG3295",162763,1127424,0.00098657331309528,5.67051594792404
2656,39231,0,0,1,0,"B_QG3295",1129205,9694096,5.71224547381989,21.1707359275348
39229,45443,1,0,0,0,"B_QG3295",9692004,11960774,21.170439249607,23.965253850563
45445,46252,1,0,0,0,"B_QG3295",11962028,12504295,23.9677170187883,28.3641518033817
45982,49721,0,0,1,0,"B_QG3295",12213380,14726020,24.4614349292887,52.39780194265
1,3371,0.499999999999991,0.499999999999994,0,0,"B_QG3296",162763,1373384,0.00098657331309528,6.54470063760282
3372,47649,0,0,0.59,0.41,"B_QG3296",1382226,13233650,6.58383522698086,36.9491308283364
33152,48081,0.02,0,0,0.98,"B_QG3296",8565466,13603134,21.0106787527048,40.7515216070102
48074,49027,0,0,0,1,"B_QG3296",13602696,14292602,40.7501183764662,47.380827374604
48969,49598,0,0,1,0,"B_QG3296",14246368,14588507,45.8555416517554,51.500928969049
49596,49721,0,0.5,0,0.5,"B_QG3296",14587448,14726020,51.4947873284544,52.39780194265
1,49721,0,0,1,0,"B_QG3297",162763,14726020,0.00098657331309528,52.39780194265
1,4212,0,1,0,0,"B_QG3298",162763,1809734,0.00098657331309528,12.3318841036414
4213,4214,0.333333333333333,0,0.333333333333333,0.333333333333333,"B_QG3298",1810573,1810584,12.3716790585479,12.3722008040831
4215,48550,0,1,0,0,"B_QG3298",1811265,13911429,12.4045015958487,43.0489966031381
48550,48558,1,0,0,0,"B_QG3298",13911429,13915511,43.0489966031381,43.105455913312
1,48053,0,0,1,0,"B_QG3300",162763,13594704,0.00098657331309528,40.7245142246226
48043,49721,0,1,0,0,"B_QG3300",13588454,14726020,40.7044909577279,52.39780194265
1,1815,0.5,0.5,0,0,"B_QG3301",162763,716120,0.00098657331309528,0.911805962819289
1816,4046,0,0,0.5,0.5,"B_QG3301",720321,1742160,0.931688126922446,10.2188866757488
4015,6689,1,0,0,0,"B_QG3301",1730873,2690308,10.0623281287773,16.950039638747
6690,43619,0,0,0,1,"B_QG3301",2691905,10876899,16.9509238778085,21.7349733708399
43597,47118,0,0,1,0,"B_QG3301",10861023,12934311,21.7256942532568,33.5621951436681
47116,48553,1,0,0,0,"B_QG3301",12933206,13914147,33.550075883116,43.0865900389668
48475,49721,0,0,1,0,"B_QG3301",13865984,14726020,42.4204338028307,52.39780194265
1,3847,0.5,0.5,0,0,"B_QG3302",162763,1651398,0.00098657331309528,9.11490767472082
3829,49721,0.01,0,0.92,0.07,"B_QG3302",1640166,14726020,8.93581755363432,52.39780194265
1,13338,1,0,0,0,"B_QG3304",162763,4658682,0.00098657331309528,18.6754921298921
12492,48355,0,0,0.999917736097411,8.22639025885308e-05,"B_QG3304",4338785,13739107,18.4968953052081,41.2543476924156
48355,49721,1,0,0,0,"B_QG3304",13739107,14726020,41.2543476924156,52.39780194265
1,1513,0.5,0.5,0,0,"B_QG3305",162763,599920,0.00098657331309528,0.361863694600572
1514,46891,0,0,1,0,"B_QG3305",600257,12863703,0.363458621832841,32.6455367659683
46596,48732,1,0,0,0,"B_QG3305",12645491,14041553,30.3018054187322,44.5157530349992
48733,49677,0,1,0,0,"B_QG3305",14049420,14619371,44.5613025785527,52.1118940107094
49046,49721,1,0,0,0,"B_QG3305",14303498,14726020,48.0215806648412,52.39780194265
1,47403,1,0,0,0,"B_QG3306",162763,13079968,0.00098657331309528,35.5588853906435
47402,48021,0,1,0,0,"B_QG3306",13079967,13558816,35.5588668718777,40.6095390242519
47568,48311,0,0,0,1,"B_QG3306",13196226,13714458,36.6603311564584,41.1081728332159
48291,48924,0,1,0,0,"B_QG3306",13701458,14146038,41.0665244380749,45.1207160524374
48889,49721,0,0,0,1,"B_QG3306",14134776,14726020,45.0555096256547,52.39780194265
1,38168,0,0,0,1,"B_QG3307",162763,9419956,0.00098657331309528,21.1318586392225
38169,44654,1,0,0,0,"B_QG3307",9420015,11507077,21.1318670063343,22.7081840430526
44633,46503,0,1,0,0,"B_QG3307",11458520,12608516,22.6689448854742,29.9586645901129
46504,49721,0,0,1,0,"B_QG3307",12609204,14726020,29.9669851244293,52.39780194265
1,3843,0,0,0.5,0.5,"B_QG3308",162763,1646800,0.00098657331309528,9.06728719616361
3844,37648,1,0,0,0,"B_QG3308",1651009,9349556,9.1108788869525,21.1218748313244
37648,37650,0,0,1,0,"B_QG3308",9349556,9349580,21.1218748313244,21.1218782348953
37650,47775,1,0,0,0,"B_QG3308",9349580,13297506,21.1218782348953,37.4093949784378
47766,49721,0,1,0,0,"B_QG3308",13289731,14726020,37.346436962141,52.39780194265
1,47672,1,0,0,0,"B_QG3309",162763,13244909,0.00098657331309528,37.0282406806576
47673,49721,0,1,0,0,"B_QG3309",13255209,14726020,37.1006122481955,52.39780194265
1,13338,0,0,1,0,"B_QG3310",162763,4658682,0.00098657331309528,18.6754921298921
13327,13459,0,0,0,1,"B_QG3310",4630522,4685740,18.659770548936,18.6905984700025
13457,15199,0,0,1,0,"B_QG3310",4685282,5245078,18.690342770994,19.0028739546899
14439,15246,1,0,0,0,"B_QG3310",4960616,5309800,18.8440603054739,19.0457279074645
15200,24234,0,0,0,1,"B_QG3310",5293608,6836144,19.0299680002793,20.7654341697224
24236,49721,0,0,0,1,"B_QG3310",6837789,14726020,20.7656674561427,52.39780194265
1,46289,0,0,1,0,"B_QG3312",162763,12533565,0.00098657331309528,28.6055522585107
46289,47877,0,1,0,0,"B_QG3312",12533565,13405059,28.6055522585107,38.7333503419708
47568,48797,0,0,1,0,"B_QG3312",13196226,14096130,36.6603311564584,44.8317511840419
48732,48894,1,0,0,0,"B_QG3312",14041553,14135058,44.5157530349992,45.0571423918022
48887,49721,0,1,0,0,"B_QG3312",14133481,14726020,45.0480116392683,52.39780194265
1,46188,0,0,0,1,"B_QG3313",162763,12309402,0.00098657331309528,27.8253650436158
46189,48697,0,0,1,0,"B_QG3313",12319305,14009021,27.8557367202568,44.2111758047061
48689,49721,0,1,0,0,"B_QG3313",13995321,14726020,44.05555877682,52.39780194265
1,47126,1,0,0,0,"B_QG3314",162763,12935729,0.00098657331309528,33.5777472807386
46188,47713,0,1,0,0,"B_QG3314",12309402,13266193,27.8253650436158,37.1777898499271
47679,48310,1,0,0,0,"B_QG3314",13259541,13713127,37.1310504647561,41.103908678298
48291,48872,0,0,0,1,"B_QG3314",13701458,14122429,41.0665244380749,44.9840211021699
48730,49721,0,1,0,0,"B_QG3314",14036929,14726020,44.4889803021415,52.39780194265
1,46252,0,0,1,0,"B_QG3315",162763,12504295,0.00098657331309528,28.3641518033817
45982,47126,1,0,0,0,"B_QG3315",12213380,12935729,24.4614349292887,33.5777472807386
46188,47877,0,1,0,0,"B_QG3315",12309402,13405059,27.8253650436158,38.7333503419708
47568,47916,0,0,1,0,"B_QG3315",13196226,13491400,36.6603311564584,40.2391948889744
47917,47919,1,0,0,0,"B_QG3315",13491910,13493959,40.2420092080294,40.2533161487036
47918,47965,0,0.333333333333333,0.333333333333333,0.333333333333333,"B_QG3315",13491955,13505772,40.242257530299,40.3185035036007
47967,47973,0,0.333333333333333,0.333333333333333,0.333333333333333,"B_QG3315",13508486,13508843,40.3334800955918,40.3354501189304
47975,47991,0,0.5,0,0.5,"B_QG3315",13512397,13539164,40.3550620599533,40.5027696641632
47992,47995,0,0,1,0,"B_QG3315",13539497,13539557,40.5046072489579,40.5049383453174
47994,48006,0,0.5,0,0.5,"B_QG3315",13539536,13544163,40.5048224615916,40.5303555091755
48005,48010,0,0,1,0,"B_QG3315",13544117,13546197,40.5301016686333,40.5415796757598
48009,48018,0,0.5,0,0.5,"B_QG3315",13546188,13548741,40.5415300113059,40.5556181613992
48019,48963,0.01,0.06,0.39,0.54,"B_QG3315",13548914,14180546,40.5565728225689,45.3205156773191
48964,49721,0,1,0,0,"B_QG3315",14190138,14726020,45.3760528861363,52.39780194265
1,5443,0,0,0.5,0.5,"B_QG3316",162763,2247558,0.00098657331309528,15.236487483509
5441,48071,0,0,1,0,"B_QG3316",2246384,13601294,15.2335314066525,40.7456267572364
48067,49721,0,1,0,0,"B_QG3316",13599137,14726020,40.7387163273657,52.39780194265
1,46130,0,0,0,1,"B_QG3317",162763,12292827,0.00098657331309528,27.2690550553226
46019,46891,0,0,1,0,"B_QG3317",12227685,12863703,24.9352483794666,32.6455367659683
46651,47021,0.5,0.5,0,0,"B_QG3317",12710930,12905261,30.9303745296269,33.2070160070553
47021,48655,0,0,1,0,"B_QG3317",12905261,13971088,33.2070160070553,43.7802983799758
48656,49721,0,1,0,0,"B_QG3317",13973068,14726020,43.8027890161229,52.39780194265
1,4535,0,1,0,0,"B_QG3319",162763,1931574,0.00098657331309528,14.0790470632304
4535,4536,0.333333333333333,0,0.333333333333333,0.333333333333333,"B_QG3319",1931574,1931856,14.0790470632304,14.0805712143331
4537,5168,0,1,0,0,"B_QG3319",1938447,2170426,14.1161941927643,14.9789928160429
5122,11579,0,0,0.5,0.5,"B_QG3319",2142733,4077000,14.8860711433616,17.8471801974393
11104,48404,1,0,0,0,"B_QG3319",3879758,13770593,17.6925705291529,41.5280018077375
48403,48711,0,1,0,0,"B_QG3319",13770572,14022473,41.5278192905418,44.3639758236203
48707,48964,0,0,0,1,"B_QG3319",14018524,14190138,44.3191194993048,45.3760528861363
48965,49721,1,0,0,0,"B_QG3319",14194835,14726020,45.403248285408,52.39780194265
1,47672,0,0,0,1,"B_QG3320",162763,13244909,0.00098657331309528,37.0282406806576
47673,49721,1,0,0,0,"B_QG3320",13255209,14726020,37.1006122481955,52.39780194265
1,3079,0,0,0.5,0.5,"B_QG3349",162763,1286410,0.00098657331309528,6.21373482909154
3080,3130,0.5,0.5,0,0,"B_QG3349",1287159,1299735,6.21588396022217,6.25196870401227
3127,5101,0,0,0.5,0.5,"B_QG3349",1296472,2138498,6.24260606732437,14.8718609355905
5099,10407,1,0,0,0,"B_QG3349",2138165,3713947,14.8707435804104,17.5625982934819
10375,43585,0,0,0,1,"B_QG3349",3705227,10854467,17.555763053992,21.7218624382609
43583,43591,0,1,0,0,"B_QG3349",10853901,10855350,21.7215316256788,21.7223785292678
43589,48968,0.02,0,0.47,0.52,"B_QG3349",10855035,14244969,21.7221944197919,45.8392047419715
48920,49721,0,1,0,0,"B_QG3349",14145127,14726020,45.115441407188,52.39780194265
1,43908,1,0,0,0,"B_QG3351",162763,11049042,0.00098657331309528,22.3380436401976
43597,47877,0,0,0,1,"B_QG3351",10861023,13405059,21.7256942532568,38.7333503419708
47478,49721,0,0,1,0,"B_QG3351",13144838,14726020,36.2009537766489,52.39780194265
1,2953,0.5,0.5,0,0,"B_QG3353",162763,1243226,0.00098657331309528,6.0898255116749
2845,34440,0,0,1,0,"B_QG3353",1210993,8740181,5.99733827037509,21.0354560395928
34431,41593,0,0,0,1,"B_QG3353",8738204,10281899,21.035175670442,21.3872110275559
41402,45106,1,0,0,0,"B_QG3353",10248142,11733708,21.3674809209639,23.4457859514216
44724,45591,0,0,1,0,"B_QG3353",11558882,12050202,22.7500479258779,24.1409127086593
45589,46891,1,0,0,0,"B_QG3353",12049253,12863703,24.139048636374,32.6455367659683
46651,49721,0,0,0,1,"B_QG3353",12710930,14726020,30.9303745296269,52.39780194265
1,4542,0,1,0,0,"B_QG3354",162763,1939563,0.00098657331309528,14.1222259396812
4543,8074,1,0,0,0,"B_QG3354",1942339,3191124,14.1372296398975,17.2273352366484
8072,46899,0,0,0,1,"B_QG3354",3189098,12878668,17.2262134656161,32.8607801330145
46894,49721,0,1,0,0,"B_QG3354",12865220,14726020,32.6673559566004,52.39780194265
1,4115,0,0,0.5,0.5,"B_QG3355",162763,1763013,0.00098657331309528,10.5081323016899
4111,5985,0,1,0,0,"B_QG3355",1761899,2439701,10.4926803462256,15.7202945324355
5890,13371,0.95,0.01,0.04,0,"B_QG3355",2406144,4663844,15.6357995826282,18.6783740475375
13327,14463,0,0,0,1,"B_QG3355",4630522,4984413,18.659770548936,18.8573460463124
14462,15246,1,0,0,0,"B_QG3355",4984318,5309800,18.8572930083085,19.0457279074645
15200,41705,0,0,0,1,"B_QG3355",5293608,10310474,19.0299680002793,21.4039123871514
41703,49721,0,0,1,0,"B_QG3355",10309916,14726020,21.4035862503656,52.39780194265
1,46521,0,0,1,0,"B_QG3357",162763,12617813,0.00098657331309528,30.0543582465526
46271,46891,0,0,0,1,"B_QG3357",12522141,12863703,28.3641518263288,32.6455367659683
46651,48553,1,0,0,0,"B_QG3357",12710930,13914147,30.9303745296269,43.0865900389668
48475,48967,0,0,1,0,"B_QG3357",13865984,14238707,42.4204338028307,45.7660798462841
48968,49721,0,0,0,1,"B_QG3357",14244969,14726020,45.8392047419715,52.39780194265
1,2641,0,0,0.5,0.5,"B_QG3358",162763,1117588,0.00098657331309528,5.44005462467218
2642,3924,0.5,0.5,0,0,"B_QG3358",1123730,1707214,5.58396408455556,9.73416132955701
3923,6275,0,0,0.5,0.5,"B_QG3358",1707213,2556891,9.7341474588609,16.8761683031961
6261,47251,1,0,0,0,"B_QG3358",2554049,13001707,16.8745947231004,34.3013713284381
47231,47883,0,0,1,0,"B_QG3358",12988946,13476438,34.1614130624601,40.1566304934804
47820,49721,1,0,0,0,"B_QG3358",13313207,14726020,37.5365337326341,52.39780194265
1,10989,0,1,0,0,"B_QG3362",162763,3832255,0.00098657331309528,17.6553349349458
10989,15296,0,0,0,1,"B_QG3362",3832255,5328858,17.6553349349458,19.0981661022944
15295,44274,0,0,1,0,"B_QG3362",5328756,11167459,19.0978854487172,22.4337370175265
44272,47883,1,0,0,0,"B_QG3362",11167345,13476438,22.4336448935493,40.1566304934804
47820,48053,0,0,1,0,"B_QG3362",13313207,13594704,37.5365337326341,40.7245142246226
48043,48392,0,1,0,0,"B_QG3362",13588454,13759076,40.7044909577279,41.4279041628743
48393,48444,1,0,0,0,"B_QG3362",13759277,13798555,41.4296511131754,41.7710277993728
48445,49721,0,1,0,0,"B_QG3362",13802121,14726020,41.8020209574506,52.39780194265
1,3825,0.5,0.5,0,0,"B_QG3363",162763,1634488,0.00098657331309528,8.76290130012
3826,41653,0,0,0,1,"B_QG3363",1634776,10296310,8.77167197307036,21.3956338899577
41653,48553,1,0,0,0,"B_QG3363",10296310,13914147,21.3956338899577,43.0865900389668
48475,49721,0,0,1,0,"B_QG3363",13865984,14726020,42.4204338028307,52.39780194265
1,47126,1,0,0,0,"B_QG3364",162763,12935729,0.00098657331309528,33.5777472807386
46188,49677,0,1,0,0,"B_QG3364",12309402,14619371,27.8253650436158,52.1118940107094
49046,49721,1,0,0,0,"B_QG3364",14303498,14726020,48.0215806648412,52.39780194265
1,36102,0,0,1,0,"B_QG3365",162763,8980119,0.00098657331309528,21.0694829557783
36103,36104,0.333333333333333,0.333333333333333,0,0.333333333333333,"B_QG3365",8980479,8980488,21.0695340093414,21.0695352856804
36105,47877,0,0,1,0,"B_QG3365",8980554,13405059,21.0695446455004,38.7333503419708
47568,48580,0,1,0,0,"B_QG3365",13196226,13928873,36.6603311564584,43.2902695592072
48579,49677,1,0,0,0,"B_QG3365",13927804,14619371,43.2754839142841,52.1118940107094
49678,49721,0,0.5,0,0.5,"B_QG3365",14702846,14726020,52.335676367963,52.39780194265
1,2953,0,0,0.5,0.5,"B_QG3366",162763,1243226,0.00098657331309528,6.0898255116749
2845,32862,1,0,0,0,"B_QG3366",1210993,8520322,5.99733827037509,21.0042766358901
32863,32865,0,0,0.5,0.5,"B_QG3366",8520392,8521246,21.0042865629718,21.0044076733688
32864,35902,1,0,0,0,"B_QG3366",8520424,8949266,21.0042911010663,21.0651075236038
35889,48554,0,1,0,0,"B_QG3366",8947017,13915259,21.0647885806498,43.1019704291954
48554,49721,0,0,0,1,"B_QG3366",13915259,14726020,43.1019704291954,52.39780194265
1,46239,0,0,0,1,"B_QG3367",162763,12492137,0.00098657331309528,28.3641517877484
46240,47990,0,0,1,0,"B_QG3367",12492571,13538453,28.3641517883064,40.498846172304
47904,48237,0,1,0,0,"B_QG3367",13486079,13645333,40.2098321601665,40.8867155013605
48236,48968,1,0,0,0,"B_QG3367",13645332,14244969,40.8867122976378,45.8392047419715
48952,49027,0,1,0,0,"B_QG3367",14175368,14292602,45.2905353116752,47.380827374604
49017,49721,0,0,1,0,"B_QG3367",14282196,14726020,46.8480533036145,52.39780194265
1,4214,0,0,0.5,0.5,"B_QG3368",162763,1810584,0.00098657331309528,12.3722008040831
4213,49721,1,0,0,0,"B_QG3368",1810573,14726020,12.3716790585479,52.39780194265
1,5386,0,0,0.5,0.5,"B_QG3370",162763,2242160,0.00098657331309528,15.2196905832809
5380,44372,1,0,0,0,"B_QG3370",2240661,11366365,15.2146608072599,22.5944739633282
44228,44718,0,0,0,1,"B_QG3370",11144694,11544614,22.4153405057513,22.7385178828289
44300,44383,0,0,0.5,0.5,"B_QG3370",11330974,11372807,22.5658743170186,22.5996797761486
1,5985,0,0,0.5,0.5,"B_QG3371",162763,2439701,0.00098657331309528,15.7202945324355
5890,13338,0,1,0,0,"B_QG3371",2406144,4658682,15.6357995826282,18.6754921298921
12704,13993,0,0,1,0,"B_QG3371",4417866,4886367,18.5410458145684,18.8026074764822
13977,15199,0,1,0,0,"B_QG3371",4885759,5245078,18.802268033257,19.0028739546899
15197,34409,0,0,1,0,"B_QG3371",5227656,8734863,18.9931473430629,21.0347018650132
34407,34418,0,0.5,0,0.5,"B_QG3371",8734647,8736156,21.0346712328754,21.0348852323941
34411,48797,0,0,1,0,"B_QG3371",8735037,14096130,21.0347265409021,44.8317511840419
48732,48799,1,0,0,0,"B_QG3371",14041553,14097296,44.5157530349992,44.8385022667651
1,44372,1,0,0,0,"B_QG3372",162763,11366365,0.00098657331309528,22.5944739633282
44228,48866,0,0,0,1,"B_QG3372",11144694,14118598,22.4153405057513,44.9618398003581
48866,49721,1,0,0,0,"B_QG3372",14118598,14726020,44.9618398003581,52.39780194265
1,1878,0,0,0.5,0.5,"B_QG3373",162763,773048,0.00098657331309528,1.18123034702889
1839,2167,0.5,0.5,0,0,"B_QG3373",764595,888540,1.14122465001294,1.64229285206403
2167,35758,0,0,0,1,"B_QG3373",888540,8914289,1.64229285206403,21.0601472445008
35754,36215,1,0,0,0,"B_QG3373",8914216,9002872,21.0601368919727,21.0727096827826
36006,42809,0,1,0,0,"B_QG3373",8962518,10632784,21.0669868619883,21.5922943717966
42784,42833,0.5,0,0.5,0,"B_QG3373",10629198,10636146,21.5901984461445,21.5942593751548
42811,43660,0,1,0,0,"B_QG3373",10633185,10902584,21.5925287460817,21.7499855990538
43661,49721,1,0,0,0,"B_QG3373",10903383,14726020,21.7504525942005,52.39780194265
1,5168,0,0,0.5,0.5,"B_QG3374",162763,2170426,0.00098657331309528,14.9789928160429
5122,47979,0.01,0.99,0,0,"B_QG3374",2142733,13512638,14.8860711433616,40.3563919636637
47470,49721,0,0,0,1,"B_QG3374",13132606,14726020,36.0916071566242,52.39780194265
1,4575,1,0,0,0,"B_QG3377",162763,1965033,0.00098657331309528,14.2275732804689
4387,37056,0,0,1,0,"B_QG3377",1877316,9210640,13.7857939053299,21.1021743958419
37056,46974,0,0,0,1,"B_QG3377",9210640,12898196,21.1021743958419,33.1174363680473
46651,47184,0,0,1,0,"B_QG3377",12710930,12961642,30.9303745296269,33.8619521664283
47163,48802,0,0,0,1,"B_QG3377",12955911,14097617,33.7990965264064,44.8403608409968
48801,48968,0,0,1,0,"B_QG3377",14097524,14244969,44.8398223755652,45.8392047419715
48920,49721,0,1,0,0,"B_QG3377",14145127,14726020,45.115441407188,52.39780194265
1,44000,0,0,0,1,"B_QG3379",162763,11073172,0.00098657331309528,22.3575432153848
43997,48553,1,0,0,0,"B_QG3379",11070050,13914147,22.3550203113759,43.0865900389668
48475,49721,0,0,1,0,"B_QG3379",13865984,14726020,42.4204338028307,52.39780194265
1,2978,0.5,0.5,0,0,"B_QG3412",162763,1265174,0.00098657331309528,6.15280165327041
2978,34017,0,0,1,0,"B_QG3412",1265174,8689688,6.15280165327041,21.0282953519195
34018,34030,0,0,0,1,"B_QG3412",8689886,8691429,21.0283234313792,21.0285422526234
34020,46130,0,0,1,0,"B_QG3412",8690331,12292827,21.0283865392559,27.2690550553226
46019,46891,0,0,0,1,"B_QG3412",12227685,12863703,24.9352483794666,32.6455367659683
46651,48286,0,1,0,0,"B_QG3412",12710930,13686363,30.9303745296269,41.0181642438708
48249,49721,0,0,0,1,"B_QG3412",13650759,14726020,40.9040989007478,52.39780194265
1,4641,0,0,0.5,0.5,"B_QG3414",162763,2002460,0.00098657331309528,14.3727373408241
4584,5815,1,0,0,0,"B_QG3414",1972986,2382866,14.2584197221288,15.57718667201
5814,46026,0,0,0,1,"B_QG3414",2382818,12245830,15.5770658102646,25.5911915861823
45971,48491,0,1,0,0,"B_QG3414",12196027,13876434,24.4273493166781,42.5649707433788
48492,48965,0,0,0,1,"B_QG3414",13876985,14194835,42.5725917820623,45.403248285408
48966,49721,1,0,0,0,"B_QG3414",14238695,14726020,45.7659397155354,52.39780194265
1,48963,0,0,0,1,"B_QG3418",162763,14180546,0.00098657331309528,45.3205156773191
48964,49721,0,1,0,0,"B_QG3418",14190138,14726020,45.3760528861363,52.39780194265
1,1814,0,0,0.5,0.5,"B_QG3421",162763,702074,0.00098657331309528,0.84533015301378
1749,4629,0,1,0,0,"B_QG3421",674419,1993156,0.71444673281078,14.3366509214599
4624,5732,0,0,0.5,0.5,"B_QG3421",1990922,2358671,14.3279861470769,15.5162647984639
5733,11062,1,0,0,0,"B_QG3421",2361031,3863687,15.5222071676132,17.6799731514188
10593,12493,0,0,0.5,0.5,"B_QG3421",3767314,4338786,17.6044304294744,18.4968958635029
11682,30717,0,1,0,0,"B_QG3421",4092116,8104883,17.859028991032,20.9453609658705
28693,45335,0,0,1,0,"B_QG3421",7695616,11845028,20.8873205808274,23.7036299237873
44758,48692,0,1,0,0,"B_QG3421",11589531,13999708,22.7748155379755,44.105390302465
48693,49721,1,0,0,0,"B_QG3421",14007836,14726020,44.1977154997393,52.39780194265
1,3138,0,0,0.5,0.5,"B_QG3422",162763,1306238,0.00098657331309528,6.27062798270717
3138,6364,1,0,0,0,"B_QG3422",1306238,2577073,6.27062798270717,16.8873428258888
6363,33156,0,0,1,0,"B_QG3422",2577057,8566911,16.8873339668876,21.0108836760345
33147,45968,0,0,0,1,"B_QG3422",8565013,12179177,21.0106145103045,24.3942517213061
45556,46521,0,0,1,0,"B_QG3422",12042263,12617813,24.1253185359793,30.0543582465526
46271,49064,0,0,0,1,"B_QG3422",12522141,14349204,28.3641518263288,48.9670088750534
49064,49721,0,0,1,0,"B_QG3422",14349204,14726020,48.9670088750534,52.39780194265
1,3920,0.5,0.5,0,0,"B_QG3424",162763,1702280,0.00098657331309528,9.6657233149599
3914,4046,0,0,0.5,0.5,"B_QG3424",1697009,1742160,9.59261087577438,10.2188866757488
4010,48286,0.17,0.8,0.01,0.02,"B_QG3424",1728895,13686363,10.0348918918756,41.0181642438708
48249,48731,0,0,0,1,"B_QG3424",13650759,14036938,40.9040989007478,44.4890324116994
48732,48954,1,0,0,0,"B_QG3424",14041553,14175380,44.5157530349992,45.2906047910858
48952,48965,0,0,0,1,"B_QG3424",14175368,14194835,45.2905353116752,45.403248285408
48966,49721,1,0,0,0,"B_QG3424",14238695,14726020,45.7659397155354,52.39780194265
1,25095,1,0,0,0,"B_QG3432",162763,6992897,0.00098657331309528,20.7876641674418
25090,48343,0,0,1,0,"B_QG3432",6992066,13725051,20.7875463188003,41.1421098678104
48340,49721,0,0,0,1,"B_QG3432",13724857,14726020,41.141488345606,52.39780194265
1,3384,0.5,0.5,0,0,"B_QG3434",162763,1393196,0.00098657331309528,6.63238831966092
3385,49721,0,0,0.02,0.98,"B_QG3434",1398412,14726020,6.65547427512301,52.39780194265
1,4748,0,0,0.5,0.5,"B_QG3437",162763,2029923,0.00098657331309528,14.4792551111379
4683,21336,1,0,0,0,"B_QG3437",2019930,6384611,14.4404963419304,20.7013998127386
21221,48022,0,1,0,0,"B_QG3437",6372514,13558868,20.6996842712025,40.6097056178324
47568,49721,0,0,0,1,"B_QG3437",13196226,14726020,36.6603311564584,52.39780194265
3,6388,0,1,0,0,"B_QG3438",216754,2584063,0.0379000034914233,16.8912131020568
6254,7215,1,0,0,0,"B_QG3438",2550012,2843425,16.8723594863493,17.034818619578
6408,11240,0,1,0,0,"B_QG3438",2589177,3898558,16.894044660329,17.7073070546586
10957,49677,0,0,0,1,"B_QG3438",3823186,14619371,17.6482261291048,52.1118940107094
49031,49721,1,0,0,0,"B_QG3438",14294053,14726020,47.4661552953212,52.39780194265
1,1642,0.5,0.5,0,0,"B_QG3440",162763,614114,0.00098657331309528,0.429039947226187
1541,28696,0,0,0,1,"B_QG3440",607613,7696603,0.398272523080835,20.8874605526797
27105,44736,0,1,0,0,"B_QG3440",7343647,11577815,20.837405937616,22.7653477790491
44724,45428,1,0,0,0,"B_QG3440",11558882,11947163,22.7500479258779,23.9385184576486
45428,46003,0,1,0,0,"B_QG3440",11947163,12220051,23.9385184576486,24.6592786665944
46004,47877,1,0,0,0,"B_QG3440",12220705,13405059,24.6829208190987,38.7333503419708
47820,47933,0,0.5,0,0.5,"B_QG3440",13313207,13500446,37.5365337326341,40.2891131834296
47933,49677,1,0,0,0,"B_QG3440",13500446,14619371,40.2891131834296,52.1118940107094
49046,49721,0,0.5,0,0.5,"B_QG3440",14303498,14726020,48.0215806648412,52.39780194265
1,4156,0,0,0.5,0.5,"B_QG3442",162763,1786022,0.00098657331309528,11.2071904555555
4157,8919,0,1,0,0,"B_QG3442",1789721,3364004,11.3826392495952,17.3230567450771
8920,30495,1,0,0,0,"B_QG3442",3402726,8059116,17.3444966354599,20.9388704980286
30496,30501,0,0.333333333333333,0.333333333333333,0.333333333333333,"B_QG3442",8059200,8059269,20.9388824105267,20.9388921957929
30501,48968,1,0,0,0,"B_QG3442",8059269,14244969,20.9388921957929,45.8392047419715
48952,48981,0,1,0,0,"B_QG3442",14175368,14270338,45.2905353116752,46.2817807694131
1,39541,0,0,0,1,"B_QG3443",162763,9799534,0.00098657331309528,21.1856886652786
39542,49721,0,1,0,0,"B_QG3443",9799567,14726020,21.1856933451886,52.39780194265
1,4238,1,0,0,0,"B_QG3454",162763,1818413,0.00098657331309528,12.6711988815892
4233,5985,0,1,0,0,"B_QG3454",1817064,2439701,12.6217622015969,15.7202945324355
5890,11057,0,0,0.5,0.5,"B_QG3454",2406144,3855024,15.6357995826282,17.6731825918202
11049,49721,0,1,0,0,"B_QG3454",3854229,14726020,17.6725594249171,52.39780194265
1,12493,0,0,0.5,0.5,"B_QG3459",162763,4338786,0.00098657331309528,18.4968958635029
11682,13133,0,1,0,0,"B_QG3459",4092116,4530742,17.859028991032,18.6040638959603
13134,45797,0,0,0,1,"B_QG3459",4532295,12150437,18.604930927751,24.3377992055203
45797,48692,0,1,0,0,"B_QG3459",12150437,13999708,24.3377992055203,44.105390302465
48693,49721,1,0,0,0,"B_QG3459",14007836,14726020,44.1977154997393,52.39780194265
1,4363,0,0,0.5,0.5,"B_QG3460",162763,1861943,0.00098657331309528,13.7027060510706
4291,41695,0.91,0.09,0,0,"B_QG3460",1839100,10305810,13.4293134842588,21.4011863979597
41694,46252,1,0,0,0,"B_QG3460",10305707,12504295,21.4011261970835,28.3641518033817
45982,49721,0,0,1,0,"B_QG3460",12213380,14726020,24.4614349292887,52.39780194265
1,2279,0.5,0.5,0,0,"B_QG3467",162763,926427,0.00098657331309528,1.77561500462389
2268,16137,0,0,0,1,"B_QG3467",922604,5549283,1.76216208966002,19.633135473408
16138,48975,0,1,0,0,"B_QG3467",5549406,14263798,19.6332784115388,46.0590815642165
48976,49721,0,0,1,0,"B_QG3467",14268324,14726020,46.1856032619176,52.39780194265
1,38725,0,0,0,1,"B_QG3469",162763,9597651,0.00098657331309528,21.1570585361608
38700,46891,1,0,0,0,"B_QG3469",9562102,12863703,21.1520171386186,32.6455367659683
46596,48973,0,0,1,0,"B_QG3469",12645491,14259816,30.3018054187322,46.0125815107788
48952,49721,1,0,0,0,"B_QG3469",14175368,14726020,45.2905353116752,52.39780194265
1,49721,0,1,0,0,"B_QG3477",162763,14726020,0.00098657331309528,52.39780194265
1,44349,1,0,0,0,"B_QG3486",162763,11351272,0.00098657331309528,22.5822772336017
44350,45434,0,1,0,0,"B_QG3486",11351469,11954317,22.5824364302993,23.9525706948766
45435,46891,0,0,1,0,"B_QG3486",11956614,12863703,23.9570825747917,32.6455367659683
46596,49721,0,1,0,0,"B_QG3486",12645491,14726020,30.3018054187322,52.39780194265
1,25337,0,0,0,1,"B_QG3492",162763,7051338,0.00098657331309528,20.7959520043363
5985,47126,1,0,0,0,"B_QG3492",2439701,12935729,15.7202945324355,33.5777472807386
46188,47877,0,1,0,0,"B_QG3492",12309402,13405059,27.8253650436158,38.7333503419708
47568,49027,0,0,1,0,"B_QG3492",13196226,14292602,36.6603311564584,47.380827374604
48969,49677,0,0,0,1,"B_QG3492",14246368,14619371,45.8555416517554,52.1118940107094
49046,49721,1,0,0,0,"B_QG3492",14303498,14726020,48.0215806648412,52.39780194265
1,6238,1,0,0,0,"B_QG3493",162763,2545043,0.00098657331309528,16.8696082127758
6237,15547,0,0,1,0,"B_QG3493",2545022,5413183,16.8695965853367,19.330186816904
15548,15550,0.5,0.5,0,0,"B_QG3493",5413230,5413453,19.3303161376699,19.3309297234317
15549,48248,0,0,1,0,"B_QG3493",5413376,13650715,19.330717857496,40.9039579369489
48246,48797,1,0,0,0,"B_QG3493",13649173,14096130,40.8990177965406,44.8317511840419
48732,49721,0,0,1,0,"B_QG3493",14041553,14726020,44.5157530349992,52.39780194265
1,3827,0,0,0.5,0.5,"B_QG3499",162763,1636034,0.00098657331309528,8.80998275977712
3829,22515,0,0,0,1,"B_QG3499",1640166,6571299,8.93581755363432,20.7278750560466
22517,48311,0,0,0,1,"B_QG3499",6571483,13714458,20.72790115009,41.1081728332159
48291,48444,0,1,0,0,"B_QG3499",13701458,13798555,41.0665244380749,41.7710277993728
48306,48965,0,0,1,0,"B_QG3499",13706558,14194835,41.082863423861,45.403248285408
48966,49721,0,0,0,1,"B_QG3499",14238695,14726020,45.7659397155354,52.39780194265
1,45557,0,0,0,1,"B_QG3507",162763,12042983,0.00098657331309528,24.1267327952475
45323,47561,0,1,0,0,"B_QG3507",11839700,13193571,23.6912889905788,36.6365970756731
47561,48473,0,0,0,1,"B_QG3507",13193571,13836560,36.6365970756731,42.1013404669967
48463,48731,0,0,1,0,"B_QG3507",13828588,14036938,42.0320534630157,44.4890324116994
48728,49721,0,1,0,0,"B_QG3507",14034606,14726020,44.475530246253,52.39780194265
