"whichsnp1","whichsnp2","FA.g1","FA.g2","FM.g1","FM.g2","rilname","pos1","pos2","cM1","cM2"
1,2170,0,0,0,1,"A_QG3095",73463,1385340,0.0282413788207538,9.20597238718344
2145,2746,0,0,1,0,"A_QG3095",1326885,1869502,7.93000030569392,14.5084102976557
2339,33515,1,0,0,0,"A_QG3095",1606848,12885859,12.9051418910304,43.3985526488414
33468,34922,0,0,0,1,"A_QG3095",12818421,13769986,42.6325685505238,50.8833705440667
1,31889,1,0,0,0,"A_QG3096",73463,11206397,0.0282413788207538,28.1989418834196
31740,33523,0,0,0,1,"A_QG3096",11103913,12898252,27.3955724902231,43.5159375056054
33468,34922,0,0,1,0,"A_QG3096",12818421,13769986,42.6325685505238,50.8833705440667
1,2922,0,0,0,1,"A_QG3117",73463,2211626,0.0282413788207538,16.0088721069648
2922,32727,1,0,0,0,"A_QG3117",2211626,11957259,16.0088721069648,33.5658383933542
32472,34922,0,1,0,0,"A_QG3117",11813355,13769986,32.7230130327557,50.8833705440667
1,4584,1,0,0,0,"A_QG3118",73463,3643114,0.0282413788207538,21.7275131177515
4579,4585,0,0,0,1,"A_QG3118",3639081,3646241,21.7123820134431,21.739245069939
4586,29135,0.500000000000016,0.5,0,0,"A_QG3118",3647513,9934062,21.744017389473,25.4812493079174
29137,30169,1,0,0,0,"A_QG3118",9935124,10308227,25.4818562157079,25.6950757235546
30171,33466,1,0,0,0,"A_QG3118",10308314,12803382,25.6951254419894,42.4128258171013
33466,34129,0,0,0,1,"A_QG3118",12803382,13480368,42.4128258171013,50.6984619304004
34130,34131,0.333333333333333,0.333333333333333,0.333333333333333,0,"A_QG3118",13480454,13480455,50.6985168376948,50.6985174761517
34132,34922,0,0,0,1,"A_QG3118",13480858,13769986,50.6987747742868,50.8833705440667
1,29873,0,1,0,0,"A_QG3119",73463,10163976,0.0282413788207538,25.6126397012594
2423,33428,1,0,0,0,"A_QG3119",1684328,12679892,13.6429238318652,40.5353934664902
33396,34922,0,0,0,1,"A_QG3119",12608022,13769986,39.7446658908263,50.8833705440667
1,2157,1,0,0,0,"A_QG3120",73463,1350167,0.0282413788207538,8.45826684308114
2155,2854,0,0,0,1,"A_QG3120",1347709,2012793,8.40077993232567,15.3315036520523
2806,13686,0,0,1,0,"A_QG3120",1953931,6219766,15.1309772706515,24.4781341945529
11425,33428,0,0,0,1,"A_QG3120",5591721,12679892,24.4031651701667,40.5353934664902
33396,34922,1,0,0,0,"A_QG3120",12608022,13769986,39.7446658908263,50.8833705440667
1,3186,0,0,1,0,"A_QG3121",73463,2630900,0.0282413788207538,19.2681606435776
3178,32967,0,1,0,0,"A_QG3121",2617194,12107707,19.0633851933842,36.9111523050244
32965,34922,0,0,0,1,"A_QG3121",12103311,13769986,36.8980590246075,50.8833705440667
1,1736,1,0,0,0,"A_QG3122",73463,1003471,0.0282413788207538,3.72895726473428
1584,20399,0,1,0,0,"A_QG3122",898577,7950164,2.91211332662737,24.6846898551503
20400,20402,0,0,0,1,"A_QG3122",7950178,7950534,24.6846915263146,24.6847340216337
20402,32288,1,0,0,0,"A_QG3122",7950534,11620443,24.6847340216337,31.480758506004
32289,32727,0,1,0,0,"A_QG3122",11623332,11957259,31.4966996428641,33.5658383933542
32472,33200,0.5,0,0.5,0,"A_QG3122",11813355,12404846,32.7230130327557,38.0130664783817
33182,33421,0,1,0,0,"A_QG3122",12365405,12645808,37.8225840745366,40.1603947369935
33422,34922,0,0,0,1,"A_QG3122",12658314,13769986,40.2979881565184,50.8833705440667
1,1736,0,1,0,0,"A_QG3124",73463,1003471,0.0282413788207538,3.72895726473428
1584,2157,1,0,0,0,"A_QG3124",898577,1350167,2.91211332662737,8.45826684308114
2155,3394,0,1,0,0,"A_QG3124",1347709,2830373,8.40077993232567,20.1580117417325
3383,33515,0,0,1,0,"A_QG3124",2807199,12885859,20.1252359973255,43.3985526488414
32333,34922,1,0,0,0,"A_QG3124",11663904,13769986,31.7205708109809,50.8833705440667
1,2339,0,0,0,1,"A_QG3125",73463,1606848,0.0282413788207538,12.9051418910304
2192,2792,0,0,1,0,"A_QG3125",1410229,1934746,9.58107197329356,15.0539733938253
2764,34922,0,1,0,0,"A_QG3125",1888650,13769986,14.6572803105363,50.8833705440667
1,2419,0,0,0,1,"A_QG3127",73463,1682167,0.0282413788207538,13.6341307772675
2338,29873,0,1,0,0,"A_QG3127",1604887,10163976,12.8692265125253,25.6126397012594
2423,31889,1,0,0,0,"A_QG3127",1684328,11206397,13.6429238318652,28.1989418834196
31740,32342,0,0,0,1,"A_QG3127",11103913,11696635,27.3955724902231,31.9011763321194
32343,34922,1,0,0,0,"A_QG3127",11700802,13769986,31.9241693114535,50.8833705440667
1,1570,0,1,0,0,"A_QG3128",73463,891705,0.0282413788207538,2.8448113639055
1542,2076,1,0,0,0,"A_QG3128",870184,1242515,2.63404222250021,6.62565083181583
1914,32447,0,1,0,0,"A_QG3128",1141027,11804372,5.10803909516678,32.6868935662974
32352,33880,1,0,0,0,"A_QG3128",11715682,13283320,31.9747682269061,50.3563536886245
33837,34922,0,0,1,0,"A_QG3128",13250326,13769986,50.0909326762332,50.8833705440667
1,2852,0,1,0,0,"A_QG3129",73463,2002834,0.0282413788207538,15.2975761227061
2847,2908,0,0,1,0,"A_QG3129",1996191,2121055,15.2749452785003,15.7003220255906
2893,3154,0,0,0,1,"A_QG3129",2079687,2588307,15.5593928124176,18.779117990598
3149,33515,0,0,1,0,"A_QG3129",2581033,12885859,18.7317348706949,43.3985526488414
32333,34922,1,0,0,0,"A_QG3129",11663904,13769986,31.7205708109809,50.8833705440667
1,31889,1,0,0,0,"A_QG3130",73463,11206397,0.0282413788207538,28.1989418834196
31740,33131,0,0,0,1,"A_QG3130",11103913,12340436,27.3955724902231,37.7049710806469
33132,33247,0.5,0,0.5,0,"A_QG3130",12341376,12439949,37.7093988196135,38.2015557203125
33248,33420,0,1,0,0,"A_QG3130",12443140,12627481,38.2186901296507,39.9587575548703
33418,33918,1,0,0,0,"A_QG3130",12617974,13314907,39.8541597106817,50.5928222114401
33918,33919,0,0,1,0,"A_QG3130",13314907,13316827,50.5928222114401,50.5940480487094
33920,34922,0.5,0.5,0,0,"A_QG3130",13317944,13769986,50.594761205079,50.8833705440667
1,9103,0,1,0,0,"A_QG3132",73463,4988567,0.0282413788207538,24.3311673564198
4821,17368,0,0,1,0,"A_QG3132",3752224,7177583,22.1368745834322,24.5924677312112
13704,32948,0,0,0,1,"A_QG3132",6225850,12082772,24.4788604347815,36.6222174733568
32949,34922,0,1,0,0,"A_QG3132",12082867,13769986,36.6236957475867,50.8833705440667
1,1736,1,0,0,0,"A_QG3134",73463,1003471,0.0282413788207538,3.72895726473428
1584,2306,0,1,0,0,"A_QG3134",898577,1575891,2.91211332662737,12.3379967348078
2192,33191,0,0,0,1,"A_QG3134",1410229,12383265,9.58107197329356,37.9067111149015
33157,34922,0,0,1,0,"A_QG3134",12351675,13769986,37.7579108234611,50.8833705440667
1,2076,0,1,0,0,"A_QG3135",73463,1242515,0.0282413788207538,6.62565083181583
1914,2746,1,0,0,0,"A_QG3135",1141027,1869502,5.10803909516678,14.5084102976557
2339,2792,0,0,1,0,"A_QG3135",1606848,1934746,12.9051418910304,15.0539733938253
2764,34922,1,0,0,0,"A_QG3135",1888650,13769986,14.6572803105363,50.8833705440667
1,2144,0,0,1,0,"A_QG3136",73463,1312442,0.0282413788207538,7.66688802401895
2140,3324,1,0,0,0,"A_QG3136",1312376,2738513,7.66568568305166,20.0280911461847
3321,31089,0,0,0,1,"A_QG3136",2735984,10706858,20.0245142989592,25.9228838774222
31090,31093,1,0,0,0,"A_QG3136",10711825,10713126,25.9257224000164,25.9264658906335
31091,32331,0,0,0,1,"A_QG3136",10713124,11656573,25.926464747681,31.6801192795439
32327,32768,1,0,0,0,"A_QG3136",11655721,11985580,31.6754180512279,33.8044314808842
32769,33428,0,0,0,1,"A_QG3136",11986960,12679892,33.8160574284423,40.5353934664902
33396,34922,1,0,0,0,"A_QG3136",12608022,13769986,39.7446658908263,50.8833705440667
1,2187,0,0,1,0,"A_QG3137",73463,1393142,0.0282413788207538,9.32355553519386
2182,32447,1,0,0,0,"A_QG3137",1391259,11804372,9.29517703382195,32.6868935662974
32352,34922,0,1,0,0,"A_QG3137",11715682,13769986,31.9747682269061,50.8833705440667
1,33378,0,1,0,0,"A_QG3138",73463,12587063,0.0282413788207538,39.514070938018
33378,33428,0,0,0,1,"A_QG3138",12587063,12679892,39.514070938018,40.5353934664902
33396,34922,1,0,0,0,"A_QG3138",12608022,13769986,39.7446658908263,50.8833705440667
1,2228,0,1,0,0,"A_QG3139",73463,1528228,0.0282413788207538,11.2951171508089
2225,29873,1,0,0,0,"A_QG3139",1520722,10163976,11.1733958568266,25.6126397012594
2423,31894,0,1,0,0,"A_QG3139",1684328,11210332,13.6429238318652,28.22978824541
30909,33515,0,0,1,0,"A_QG3139",10613331,12885859,25.8694354170497,43.3985526488414
32333,34922,1,0,0,0,"A_QG3139",11663904,13769986,31.7205708109809,50.8833705440667
1,2170,0,0,0,1,"A_QG3140",73463,1385340,0.0282413788207538,9.20597238718344
2145,14219,0,0,1,0,"A_QG3140",1326885,6349016,7.93000030569392,24.4935626214999
14219,14222,0.5,0.5,0,0,"A_QG3140",6349016,6349093,24.4935626214999,24.4935718129032
14223,28449,0,0,1,0,"A_QG3140",6349187,9804611,24.4935830335774,25.3895257807821
28450,31889,1,0,0,0,"A_QG3140",9805319,11206397,25.390807372594,28.1989418834196
31740,32964,0,0,0,1,"A_QG3140",11103913,12086123,27.3955724902231,36.6743616517177
32912,34922,0,0,1,0,"A_QG3140",12064668,13769986,36.3392707670088,50.8833705440667
1,2306,0,0,1,0,"A_QG3141",73463,1575891,0.0282413788207538,12.3379967348078
1871,34922,0,1,0,0,"A_QG3141",1062348,13769986,3.95556713811601,50.8833705440667
1,29781,1,0,0,0,"A_QG3142",73463,10107948,0.0282413788207538,25.5806210292422
29783,34922,1,0,0,0,"A_QG3142",10109485,13769986,25.5814993882572,50.8833705440667
1,9103,0,0,1,0,"A_QG3205",73463,4988567,0.0282413788207538,24.3311673564198
4821,32684,0,1,0,0,"A_QG3205",3752224,11889258,22.1368745834322,33.0282090544171
32472,33515,0,0,0,1,"A_QG3205",11813355,12885859,32.7230130327557,43.3985526488414
33468,34922,0.5,0.5,0,0,"A_QG3205",12818421,13769986,42.6325685505238,50.8833705440667
1,1736,1,0,0,0,"A_QG3206",73463,1003471,0.0282413788207538,3.72895726473428
1379,31996,0,0,1,0,"A_QG3206",794949,11294737,1.19837268298063,29.0219922102701
31994,33191,1,0,0,0,"A_QG3206",11292860,12383265,28.9961163699011,37.9067111149015
33157,33428,0,0,0,1,"A_QG3206",12351675,12679892,37.7579108234611,40.5353934664902
33396,34922,1,0,0,0,"A_QG3206",12608022,13769986,39.7446658908263,50.8833705440667
1,2139,0,0,0,1,"A_QG3207",73463,1292894,0.0282413788207538,7.31077649025296
2094,32727,0,0,1,0,"A_QG3207",1253329,11957259,6.72951956460658,33.5658383933542
32472,32808,0,1,0,0,"A_QG3207",11813355,12008343,32.7230130327557,34.4020787645934
32803,32809,0.333333333333333,0,0.333333333333333,0.333333333333333,"A_QG3207",12007996,12011349,34.3887980444734,34.5171273083424
32810,34922,0,1,0,0,"A_QG3207",12011355,13769986,34.5173569461543,50.8833705440667
1,31894,0,1,0,0,"A_QG3208",73463,11210332,0.0282413788207538,28.22978824541
30909,33826,0,0,1,0,"A_QG3208",10613331,13242396,25.8694354170497,50.0234556822075
33730,34922,0,0,0,1,"A_QG3208",13144884,13769986,47.8111872855651,50.8833705440667
1,2170,0,1,0,0,"A_QG3209",73463,1385340,0.0282413788207538,9.20597238718344
2145,33213,0,0,0,1,"A_QG3209",1326885,12418672,7.93000030569392,38.0873066361727
33211,34922,0,1,0,0,"A_QG3209",12418594,13769986,38.086887806988,50.8833705440667
1,1784,0,0,1,0,"A_QG3211",73463,1039230,0.0282413788207538,3.86658897936406
1584,1874,0,1,0,0,"A_QG3211",898577,1072085,2.91211332662737,3.99304357776338
1871,7081,0,0,0,1,"A_QG3211",1062348,4625224,3.95556713811601,22.6917566919589
7080,33362,1,0,0,0,"A_QG3211",4624263,12567461,22.6911618300076,39.2984059604451
33361,34922,0,1,0,0,"A_QG3211",12557673,13769986,39.1907165001613,50.8833705440667
1,33515,0,0,1,0,"A_QG3212",73463,12885859,0.0282413788207538,43.3985526488414
32333,33932,1,0,0,0,"A_QG3212",11663904,13340363,31.7205708109809,50.609074770568
33928,34383,0,0,1,0,"A_QG3212",13322600,13566358,50.5977338604569,50.7533628401821
34383,34922,0,0,0,1,"A_QG3212",13566358,13769986,50.7533628401821,50.8833705440667
1,2190,0,0,1,0,"A_QG3213",73463,1408346,0.0282413788207538,9.55269347192166
2190,2863,0,0,0,1,"A_QG3213",1408346,2049556,9.55269347192166,15.4567449173752
2861,33637,0,0,1,0,"A_QG3213",2022005,13003128,15.3628863611934,44.9350895114416
33630,33919,0,0,0,1,"A_QG3213",12994966,13316827,44.7795878323193,50.5940480487094
33920,34922,0,0,1,0,"A_QG3213",13317944,13769986,50.594761205079,50.8833705440667
1,1340,0,0,1,0,"A_QG3214",73463,761879,0.0282413788207538,1.02513601602248
1299,1548,0,0,0,1,"A_QG3214",708163,878528,0.743745607727236,2.71576043800534
1547,29873,0,1,0,0,"A_QG3214",874358,10163976,2.67492091755275,25.6126397012594
2423,33045,1,0,0,0,"A_QG3214",1684328,12238100,13.6429238318652,37.2995217575709
33046,33099,0,1,0,0,"A_QG3214",12239704,12287529,37.3042991965583,37.4557600322378
33083,34922,0.08,0,0.04,0.88,"A_QG3214",12278231,13769986,37.4190500643063,50.8833705440667
1,2673,1,0,0,0,"A_QG3215",73463,1798989,0.0282413788207538,14.1425980688981
2674,30690,0,0,0,1,"A_QG3215",1819950,10542100,14.2513409975352,25.8287285914186
30688,32262,0,1,0,0,"A_QG3215",10541958,11585156,25.8286474417894,31.3139938153992
32253,32759,0,0,0,1,"A_QG3215",11563269,11976578,31.2164629017519,33.7285932345672
32724,33316,0.5,0,0.5,0,"A_QG3215",11951113,12531753,33.5140608037225,38.8978263138268
33316,34922,0,0,0,1,"A_QG3215",12531753,13769986,38.8978263138268,50.8833705440667
1,2341,0,0,0,1,"A_QG3217",73463,1609079,0.0282413788207538,12.9460022732053
2342,3331,1,0,0,0,"A_QG3217",1614908,2755607,13.0527594079868,20.052267748191
3326,19768,0,0,0,1,"A_QG3217",2741251,7803865,20.0319635889303,24.6672263082728
19767,19769,0.333333333333333,0.333333333333333,0.333333333333333,0,"A_QG3217",7803853,7804045,24.6672248758464,24.6672477946701
19770,31087,0,0,0,1,"A_QG3217",7804356,10704668,24.6672849183899,25.9216323444081
31085,32727,1,0,0,0,"A_QG3217",10702414,11957259,25.9203442369131,33.5658383933542
32472,33515,0,1,0,0,"A_QG3217",11813355,12885859,32.7230130327557,43.3985526488414
33429,34922,0,0,1,0,"A_QG3217",12694870,13769986,40.7001843058987,50.8833705440667
1,2969,0,0,1,0,"A_QG3219",73463,2342513,0.0282413788207538,16.4981565463174
2961,34922,0,1,0,0,"A_QG3219",2337489,13769986,16.4783563894336,50.8833705440667
1,2843,0,0,1,0,"A_QG3220",73463,1995070,0.0282413788207538,15.2711263448325
2807,34922,0,1,0,0,"A_QG3220",1957575,13769986,15.143391360112,50.8833705440667
1,1784,0,1,0,0,"A_QG3222",73463,1039230,0.0282413788207538,3.86658897936406
1584,2193,0,0,1,0,"A_QG3222",898577,1412283,2.91211332662737,9.61173030883839
2191,3605,1,0,0,0,"A_QG3222",1409366,2996440,9.56806578811887,20.3928857188806
3547,4817,0,0,1,0,"A_QG3222",2928722,3751347,20.2971099417273,22.1335842341938
4818,33387,0.98,0.01,0,0,"A_QG3222",3751689,12594185,22.134867357842,39.5924285530712
33316,34922,1,0,0,0,"A_QG3222",12531753,13769986,38.8978263138268,50.8833705440667
1,31889,1,0,0,0,"A_QG3223",73463,11206397,0.0282413788207538,28.1989418834196
31740,32342,0,0,0,1,"A_QG3223",11103913,11696635,27.3955724902231,31.9011763321194
32343,34922,1,0,0,0,"A_QG3223",11700802,13769986,31.9241693114535,50.8833705440667
1,1907,0,0,1,0,"A_QG3225",73463,1129304,0.0282413788207538,4.76976728266731
1889,3278,0,0,0,1,"A_QG3225",1111419,2715968,4.25368851728701,19.9962050170031
3279,3280,0.333333333333333,0.333333333333333,0.333333333333333,0,"A_QG3225",2719106,2719121,20.0006431928014,20.0006644077909
3280,33891,0,0,0,1,"A_QG3225",2719121,13287688,20.0006644077909,50.3914921678063
33837,34922,0,0,1,0,"A_QG3225",13250326,13769986,50.0909326762332,50.8833705440667
1,32006,1,0,0,0,"A_QG3226",73463,11302937,0.0282413788207538,29.1350353061819
32005,33428,0,0,0,1,"A_QG3226",11298719,12679892,29.0768870405044,40.5353934664902
33396,34922,1,0,0,0,"A_QG3226",12608022,13769986,39.7446658908263,50.8833705440667
1,2792,1,0,0,0,"A_QG3227",73463,1934746,0.0282413788207538,15.0539733938253
2764,32095,0,0,1,0,"A_QG3227",1888650,11420283,14.6572803105363,30.3314493590261
32080,33115,0,0,0,1,"A_QG3227",11384475,12309688,29.9993218147612,37.5601369128339
33083,33172,0,1,0,0,"A_QG3227",12278231,12357907,37.4190500643063,37.7872657907373
33152,33279,0.5,0,0.5,0,"A_QG3227",12351381,12491287,37.7565259774439,38.4772204983155
33278,34922,0,0,0,1,"A_QG3227",12488594,13769986,38.4627601522334,50.8833705440667
1,29873,0,1,0,0,"A_QG3228",73463,10163976,0.0282413788207538,25.6126397012594
2423,33515,1,0,0,0,"A_QG3228",1684328,12885859,13.6429238318652,43.3985526488414
32333,34922,0,0,1,0,"A_QG3228",11663904,13769986,31.7205708109809,50.8833705440667
1,2332,0,0,0,1,"A_QG3230",73463,1588293,0.0282413788207538,12.5653102499479
2331,29396,1,0,0,0,"A_QG3230",1587720,9995543,12.554815853271,25.5163842399923
29374,33387,0,0,0,1,"A_QG3230",9993014,12594185,25.5149389765253,39.5924285530712
33316,33661,1,0,0,0,"A_QG3230",12531753,13046691,38.8978263138268,46.1320051018801
33659,33996,0,0,1,0,"A_QG3230",13031611,13384221,45.6944148044887,50.6370762137731
33731,34922,0.5,0.5,0,0,"A_QG3230",13146897,13769986,47.8349448138259,50.8833705440667
1,2805,0,0,1,0,"A_QG3232",73463,1951349,0.0282413788207538,15.1221811183499
2797,3098,0.5,0.5,0,0,"A_QG3232",1937579,2505080,15.0752705772216,18.1501496808627
3094,9103,0,0,1,0,"A_QG3232",2467962,4988567,17.6754278745522,24.3311673564198
4821,32727,1,0,0,0,"A_QG3232",3752224,11957259,22.1368745834322,33.5658383933542
32472,33074,0,1,0,0,"A_QG3232",11813355,12257397,32.7230130327557,37.3569969696282
33075,34920,0.98,0.01,0,0.01,"A_QG3232",12258025,13769958,37.3588674382592,50.8833526672732
34553,34922,0.333333333333333,0.333333333333333,0.333333333333333,0,"A_QG3232",13649755,13769986,50.8066082311935,50.8833705440667
1,2792,1,0,0,0,"A_QG3233",73463,1934746,0.0282413788207538,15.0539733938253
2764,2921,0,0,1,0,"A_QG3233",1888650,2201745,14.6572803105363,15.9752103018168
2894,32329,1,0,0,0,"A_QG3233",2095543,11656188,15.6134097724851,31.6779948982039
32327,34922,0,0,1,0,"A_QG3233",11655721,13769986,31.6754180512279,50.8833705440667
1,33116,1,0,0,0,"A_QG3234",73463,12310446,0.0282413788207538,37.5637073661708
33117,33526,0,0,0,1,"A_QG3234",12311999,12904053,37.5710225561868,43.5669261716253
33520,34922,0.5,0.5,0,0,"A_QG3234",12889706,13769986,43.4368262762286,50.8833705440667
1,29873,0,1,0,0,"A_QG3236",73463,10163976,0.0282413788207538,25.6126397012594
2423,34922,1,0,0,0,"A_QG3236",1684328,13769986,13.6429238318652,50.8833705440667
1,1818,0,1,0,0,"A_QG3237",73463,1051998,0.0282413788207538,3.9157313416335
1801,3391,0,0,1,0,"A_QG3237",1044659,2820935,3.88748449038856,20.1446632703545
3383,33428,0,0,0,1,"A_QG3237",2807199,12679892,20.1252359973255,40.5353934664902
33396,33826,0,0,1,0,"A_QG3237",12608022,13242396,39.7446658908263,50.0234556822075
33730,34922,0,0,0,1,"A_QG3237",13144884,13769986,47.8111872855651,50.8833705440667
1,1736,0,0,1,0,"A_QG3238",73463,1003471,0.0282413788207538,3.72895726473428
1379,1795,1,0,0,0,"A_QG3238",794949,1042270,1.19837268298063,3.87828954180916
1781,29873,0,1,0,0,"A_QG3238",1033924,10163976,3.84616687925428,25.6126397012594
2423,34922,1,0,0,0,"A_QG3238",1684328,13769986,13.6429238318652,50.8833705440667
1,29873,0,1,0,0,"A_QG3239",73463,10163976,0.0282413788207538,25.6126397012594
2423,32964,1,0,0,0,"A_QG3239",1684328,12086123,13.6429238318652,36.6743616517177
32912,33428,0,0,0,1,"A_QG3239",12064668,12679892,36.3392707670088,40.5353934664902
33396,34922,1,0,0,0,"A_QG3239",12608022,13769986,39.7446658908263,50.8833705440667
1,1309,0.5,0.5,0,0,"A_QG3240",73463,722832,0.0282413788207538,0.820588930001475
1310,1377,0,0,1,0,"A_QG3240",728121,793393,0.848295272049907,1.1902216018259
1340,1419,0.5,0.5,0,0,"A_QG3240",761879,807717,1.02513601602248,1.26525764710889
1379,2306,0,0,0,1,"A_QG3240",794949,1575891,1.19837268298063,12.3379967348078
2192,29873,0,0.999910817800835,8.91821991650665e-05,0,"A_QG3240",1410229,10163976,9.58107197329356,25.6126397012594
3664,34922,1,0,0,0,"A_QG3240",3058053,13769986,20.4800269953174,50.8833705440667
1,1298,0.5,0.5,0,0,"A_QG3241",73463,706817,0.0282413788207538,0.736694608219354
1299,2790,0,0,0,1,"A_QG3241",708163,1930225,0.743745607727236,15.0150665596195
2784,33264,1,0,0,0,"A_QG3241",1916323,12463544,14.8954286898719,38.3282515486849
33254,34922,0,0,0,1,"A_QG3241",12448442,13769986,38.2471597750006,50.8833705440667
1,2805,0,0,1,0,"A_QG3242",73463,1951349,0.0282413788207538,15.1221811183499
2797,34551,1,0,0,0,"A_QG3242",1937579,13648993,15.0752705772216,50.8061217270273
34553,34922,0.333333333333333,0.333333333333333,0.333333333333333,0,"A_QG3242",13649755,13769986,50.8066082311935,50.8833705440667
1,2339,0,0,1,0,"A_QG3243",73463,1606848,0.0282413788207538,12.9051418910304
2192,2793,0,0,0,1,"A_QG3243",1410229,1935412,9.58107197329356,15.0597048584528
2794,2908,0.5,0.5,0,0,"A_QG3243",1936801,2121055,15.0716583184643,15.7003220255906
2894,3134,0,0,0,1,"A_QG3243",2095543,2575862,15.6134097724851,18.6980507748715
3134,34922,0,1,0,0,"A_QG3243",2575862,13769986,18.6980507748715,50.8833705440667
1,1736,1,0,0,0,"A_QG3245",73463,1003471,0.0282413788207538,3.72895726473428
1584,2419,0,1,0,0,"A_QG3245",898577,1682167,2.91211332662737,13.6341307772675
2338,13686,0,0,0,1,"A_QG3245",1604887,6219766,12.8692265125253,24.4781341945529
11425,32290,0,0,1,0,"A_QG3245",5591721,11623338,24.4031651701667,31.4967327501058
32286,32715,0,0,0,1,"A_QG3245",11619922,11928536,31.477883693853,33.3238586167529
32708,33826,0,0,1,0,"A_QG3245",11910533,13242396,33.1721905487184,50.0234556822075
33731,34922,0.5,0.5,0,0,"A_QG3245",13146897,13769986,47.8349448138259,50.8833705440667
1,2306,0,0,1,0,"A_QG3247",73463,1575891,0.0282413788207538,12.3379967348078
1871,32979,0,1,0,0,"A_QG3247",1062348,12122459,3.95556713811601,36.955090447133
32974,33191,0,0,0,1,"A_QG3247",12110264,12383265,36.9187682099438,37.9067111149015
33157,33880,1,0,0,0,"A_QG3247",12351675,13283320,37.7579108234611,50.3563536886245
33731,34922,0,0,0,1,"A_QG3247",13146897,13769986,47.8349448138259,50.8833705440667
1,1736,1,0,0,0,"A_QG3248",73463,1003471,0.0282413788207538,3.72895726473428
1379,2843,0,0,1,0,"A_QG3248",794949,1995070,1.19837268298063,15.2711263448325
2807,34922,0,1,0,0,"A_QG3248",1957575,13769986,15.143391360112,50.8833705440667
1,2027,0,0,0,1,"A_QG3249",73463,1201855,0.0282413788207538,6.21691292500073
2016,33826,0,0,0.99,0,"A_QG3249",1194475,13242396,6.13422761489928,50.0234556822075
33731,34922,0,0,1,0,"A_QG3249",13146897,13769986,47.8349448138259,50.8833705440667
1,29873,0,1,0,0,"A_QG3250",73463,10163976,0.0282413788207538,25.6126397012594
2423,32964,1,0,0,0,"A_QG3250",1684328,12086123,13.6429238318652,36.6743616517177
32912,33615,0,0,0,1,"A_QG3250",12064668,12974654,36.3392707670088,44.392605462026
33541,34383,0,0,1,0,"A_QG3250",12912752,13566358,43.6433871965704,50.7533628401821
34383,34922,0,0,0,1,"A_QG3250",13566358,13769986,50.7533628401821,50.8833705440667
1,2350,0,1,0,0,"A_QG3251",73463,1624645,0.0282413788207538,13.2310908921808
2343,15835,0,0,1,0,"A_QG3251",1620519,6787686,13.1555239101756,24.5459261653981
15737,15837,0.5,0.5,0,0,"A_QG3251",6775416,6790024,24.5444615093158,24.5462052498252
15837,34922,0,0,1,0,"A_QG3251",6790024,13769986,24.5462052498252,50.8833705440667
1,2207,0,0,1,0,"A_QG3252",73463,1469109,0.0282413788207538,10.4301001428462
2203,33515,1,0,0,0,"A_QG3252",1457818,12885859,10.2674947545419,43.3985526488414
32333,33826,0,0,1,0,"A_QG3252",11663904,13242396,31.7205708109809,50.0234556822075
33731,34017,0.5,0.5,0,0,"A_QG3252",13146897,13393924,47.8349448138259,50.6432711611811
33900,34922,0,0,0,1,"A_QG3252",13294453,13769986,50.4459133701106,50.8833705440667
1,29873,1,0,0,0,"A_QG3253",73463,10163976,0.0282413788207538,25.6126397012594
2423,32291,0,1,0,0,"A_QG3253",1684328,11625787,13.6429238318652,31.5102460225774
32291,34922,1,0,0,0,"A_QG3253",11625787,13769986,31.5102460225774,50.8833705440667
1,1289,0,0,1,0,"A_QG3254",73463,651621,0.0282413788207538,0.447551243555855
1290,1419,0,0,0,1,"A_QG3254",664226,807717,0.513582334786803,1.26525764710889
1359,1736,0,0,1,0,"A_QG3254",774965,1003471,1.09368681807311,3.72895726473428
1379,34922,1,0,0,0,"A_QG3254",794949,13769986,1.19837268298063,50.8833705440667
1,2792,0,0,1,0,"A_QG3255",73463,1934746,0.0282413788207538,15.0539733938253
2764,7202,0.5,0.5,0,0,"A_QG3255",1888650,4662332,14.6572803105363,23.0531566395032
7147,34922,0,0,0,1,"A_QG3255",4649346,13769986,22.8846987977864,50.8833705440667
1,5346,0,0,0,1,"A_QG3256",73463,3924206,0.0282413788207538,22.2578243970626
4877,17651,0,0,1,0,"A_QG3256",3763915,7265132,22.1586037757929,24.6029183567492
17650,17652,0,0,0,1,"A_QG3256",7264876,7265474,24.6028877983175,24.6029591809041
17653,34922,0,0,1,0,"A_QG3256",7265840,13769986,24.6030028699119,50.8833705440667
1,2306,0,1,0,0,"A_QG3257",73463,1575891,0.0282413788207538,12.3379967348078
1871,2805,0,0,1,0,"A_QG3257",1062348,1951349,3.95556713811601,15.1221811183499
2797,2922,0.5,0.5,0,0,"A_QG3257",1937579,2211626,15.0752705772216,16.0088721069648
2922,5550,0,0,0,1,"A_QG3257",2211626,4020905,16.0088721069648,22.3176813750349
5550,31894,0,1,0,0,"A_QG3257",4020905,11210332,22.3176813750349,28.22978824541
30909,33515,0,0,1,0,"A_QG3257",10613331,12885859,25.8694354170497,43.3985526488414
32333,34922,1,0,0,0,"A_QG3257",11663904,13769986,31.7205708109809,50.8833705440667
1,19174,0,1,0,0,"A_QG3258",73463,7669944,0.0282413788207538,24.651240309316
19175,19176,0,0,0,1,"A_QG3258",7670021,7670024,24.6512495007193,24.6512498588259
19177,34922,1,0,0,0,"A_QG3258",7670950,13769986,24.6513603944031,50.8833705440667
1,31531,0,1,0,0,"A_QG3260",73463,10991890,0.0282413788207538,26.8989809273435
31514,34922,1,0,0,0,"A_QG3260",10987232,13769986,26.8891120295255,50.8833705440667
1,1377,0,0,0,1,"A_QG3261",73463,793393,0.0282413788207538,1.1902216018259
1359,29873,1,0,0,0,"A_QG3261",774965,10163976,1.09368681807311,25.6126397012594
2423,32339,0,1,0,0,"A_QG3261",1684328,11691444,13.6429238318652,31.8725330502084
32338,34922,0,0,1,0,"A_QG3261",11690676,13769986,31.8682953232757,50.8833705440667
1,3391,0,0,1,0,"A_QG3262",73463,2820935,0.0282413788207538,20.1446632703545
3383,31781,0,0,0,1,"A_QG3262",2807199,11133760,20.1252359973255,27.629542341895
31773,32294,0,1,0,0,"A_QG3262",11123249,11637806,27.5471468880496,31.5765653454995
32294,32741,0,0,0,1,"A_QG3262",11637806,11968858,31.5765653454995,33.6635553250395
32739,34922,0,1,0,0,"A_QG3262",11966294,13769986,33.6419546514607,50.8833705440667
1,33024,0,0,0,1,"A_QG3263",73463,12177693,0.0282413788207538,37.1196023330621
33025,33191,0.5,0,0.5,0,"A_QG3263",12195584,12383265,37.1728898398723,37.9067111149015
33182,34922,0,1,0,0,"A_QG3263",12365405,13769986,37.8225840745366,50.8833705440667
1,32733,0,1,0,0,"A_QG3264",73463,11959962,0.0282413788207538,33.5886100862885
32734,32735,0.333333333333333,0,0.333333333333333,0.333333333333333,"A_QG3264",11960472,11960504,33.5929066321252,33.5931762193149
32736,34922,0,1,0,0,"A_QG3264",11962093,13769986,33.6065629082061,50.8833705440667
1,31660,1,0,0,0,"A_QG3265",73463,11055914,0.0282413788207538,27.0346284829254
31651,33038,0,0,0,1,"A_QG3265",11031839,12219125,26.9836208154783,37.2430056074549
33039,33200,0.5,0,0.5,0,"A_QG3265",12220257,12404846,37.2463772165159,38.0130664783817
33182,34922,0,1,0,0,"A_QG3265",12365405,13769986,37.8225840745366,50.8833705440667
1,2207,0,0,0,1,"A_QG3266",73463,1469109,0.0282413788207538,10.4301001428462
2203,31889,1,0,0,0,"A_QG3266",1457818,11206397,10.2674947545419,28.1989418834196
31740,34922,0,0,0,1,"A_QG3266",11103913,13769986,27.3955724902231,50.8833705440667
1,2250,1,0,0,0,"A_QG3267",73463,1548494,0.0282413788207538,11.8197095488626
2250,2673,0,0,1,0,"A_QG3267",1548494,1798989,11.8197095488626,14.1425980688981
2674,34922,0,0,0,1,"A_QG3267",1819950,13769986,14.2513409975352,50.8833705440667
1,1784,0,0,1,0,"A_QG3321",73463,1039230,0.0282413788207538,3.86658897936406
1584,2306,0,1,0,0,"A_QG3321",898577,1575891,2.91211332662737,12.3379967348078
1871,4227,0,0,1,0,"A_QG3321",1062348,3379333,3.95556713811601,20.8591726193774
4229,4542,0,0,1,0,"A_QG3321",3382317,3603854,20.8626199056914,21.5267749518713
4537,34922,1,0,0,0,"A_QG3321",3599991,13769986,21.4868668107987,50.8833705440667
1,2790,1,0,0,0,"A_QG3322",73463,1930225,0.0282413788207538,15.0150665596195
2784,33066,0,0,0,1,"A_QG3322",1916323,12251646,14.8954286898719,37.3398678850793
33041,34922,0,1,0,0,"A_QG3322",12223856,13769986,37.2570966697052,50.8833705440667
1,1340,0,0,0,1,"A_QG3323",73463,761879,0.0282413788207538,1.02513601602248
1299,1377,0,0,1,0,"A_QG3323",708163,793393,0.743745607727236,1.1902216018259
1340,29873,0,1,0,0,"A_QG3323",761879,10163976,1.02513601602248,25.6126397012594
2423,33225,1,0,0,0,"A_QG3323",1684328,12422938,13.6429238318652,38.1102133708129
33223,34922,0,0,0,1,"A_QG3323",12422830,13769986,38.1096334534802,50.8833705440667
1,2076,1,0,0,0,"A_QG3324",73463,1242515,0.0282413788207538,6.62565083181583
1914,2843,0,0,1,0,"A_QG3324",1141027,1995070,5.10803909516678,15.2711263448325
2807,34922,1,0,0,0,"A_QG3324",1957575,13769986,15.143391360112,50.8833705440667
1,32759,1,0,0,0,"A_QG3325",73463,11976578,0.0282413788207538,33.7285932345672
32724,33615,0,0,0.03,0.97,"A_QG3325",11951113,12974654,33.5140608037225,44.392605462026
33468,34017,0.03,0.03,0.73,0.21,"A_QG3325",12818421,13393924,42.6325685505238,50.6432711611811
33900,34922,0.363636363636364,0.363636363636363,0.272727272727274,0,"A_QG3325",13294453,13769986,50.4459133701106,50.8833705440667
1,29873,0,1,0,0,"A_QG3327",73463,10163976,0.0282413788207538,25.6126397012594
2423,34922,1,0,0,0,"A_QG3327",1684328,13769986,13.6429238318652,50.8833705440667
1,1736,0,0,1,0,"A_QG3328",73463,1003471,0.0282413788207538,3.72895726473428
1379,2852,1,0,0,0,"A_QG3328",794949,2002834,1.19837268298063,15.2975761227061
2847,34922,0,0,1,0,"A_QG3328",1996191,13769986,15.2749452785003,50.8833705440667
1,2306,0,1,0,0,"A_QG3330",73463,1575891,0.0282413788207538,12.3379967348078
2192,4636,0,0,0,1,"A_QG3330",1410229,3672214,9.58107197329356,21.8366911825605
4638,5546,0,0,0,1,"A_QG3330",3676157,4011023,21.8514846227509,22.3115643866863
5539,34922,0,0,1,0,"A_QG3330",4009335,13769986,22.3105195095022,50.8833705440667
1,12,0.333333333333333,0.333333333333333,0.333333333333333,0,"A_QG3331",73463,256231,0.0282413788207538,0.190062876902439
12,2139,0,0,0,1,"A_QG3331",256231,1292894,0.190062876902439,7.31077649025296
2140,2228,0,0.5,0.5,0,"A_QG3331",1312376,1528228,7.66568568305166,11.2951171508089
2225,33515,1,0,0,0,"A_QG3331",1520722,12885859,11.1733958568266,43.3985526488414
33468,33615,0,0,0,1,"A_QG3331",12818421,12974654,42.6325685505238,44.392605462026
33541,34922,0,0,1,0,"A_QG3331",12912752,13769986,43.6433871965704,50.8833705440667
1,1784,0,0,0,1,"A_QG3332",73463,1039230,0.0282413788207538,3.86658897936406
1733,1818,0,1,0,0,"A_QG3332",1000239,1051998,3.7165177193979,3.9157313416335
1801,2805,0,0,1,0,"A_QG3332",1044659,1951349,3.88748449038856,15.1221811183499
2797,2861,0.5,0.5,0,0,"A_QG3332",1937579,2022005,15.0752705772216,15.3628863611934
2862,24687,0,0,1,0,"A_QG3332",2047932,8936370,15.4512124033017,24.8024121547688
24684,31478,0,1,0,0,"A_QG3332",8936223,10967639,24.8023946075443,26.8476003689526
31477,33405,1,0,0,0,"A_QG3332",10967630,12611578,26.8475813006657,39.7837896873904
33401,33826,0,1,0,0,"A_QG3332",12611394,13242396,39.7817652839687,50.0234556822075
33418,34922,0,0,1,0,"A_QG3332",12617974,13769986,39.8541597106817,50.8833705440667
1,1460,1,0,0,0,"A_QG3333",73463,844944,0.0282413788207538,1.99961418719133
1451,29873,0,1,0,0,"A_QG3333",837114,10163976,1.63691346554513,25.6126397012594
2423,32042,1,0,0,0,"A_QG3333",1684328,11339206,13.6429238318652,29.5477769253829
32041,33066,0,1,0,0,"A_QG3333",11338372,12251646,29.5389340775542,37.3398678850793
33041,33615,0,0,0.05,0.95,"A_QG3333",12223856,12974654,37.2570966697052,44.392605462026
33468,33880,0.01,0.01,0.89,0.08,"A_QG3333",12818421,13283320,42.6325685505238,50.3563536886245
33731,34922,0.5,0.5,0,0,"A_QG3333",13146897,13769986,47.8349448138259,50.8833705440667
1,1736,1,0,0,0,"A_QG3334",73463,1003471,0.0282413788207538,3.72895726473428
1584,2805,0,1,0,0,"A_QG3334",898577,1951349,2.91211332662737,15.1221811183499
2797,34922,0,0,1,0,"A_QG3334",1937579,13769986,15.0752705772216,50.8833705440667
1,2663,0,0,1,0,"A_QG3335",73463,1781901,0.0282413788207538,14.0539477581042
2370,32759,0,0,0,1,"A_QG3335",1642254,11976578,13.4717257850604,33.7285932345672
32724,33387,0.5,0,0.5,0,"A_QG3335",11951113,12594185,33.5140608037225,39.5924285530712
33316,33678,0,0,0,1,"A_QG3335",12531753,13078078,38.8978263138268,46.9182473951163
33673,34922,0.5,0.5,0,0,"A_QG3335",13074472,13769986,46.8596045735587,50.8833705440667
1,1287,0.5,0.5,0,0,"A_QG3336",73463,644769,0.0282413788207538,0.411657150964466
1288,3045,0,0,1,0,"A_QG3336",651198,2440568,0.445335364810064,17.2118863475699
3042,33399,1,0,0,0,"A_QG3336",2436124,12608378,17.1597892207285,39.7485826713597
33383,34922,0,1,0,0,"A_QG3336",12592557,13769986,39.5745169836656,50.8833705440667
1,5346,0,0,0,1,"A_QG3337",73463,3924206,0.0282413788207538,22.2578243970626
4877,17651,0,0,1,0,"A_QG3337",3763915,7265132,22.1586037757929,24.6029183567492
17650,17652,0,0,0,1,"A_QG3337",7264876,7265474,24.6028877983175,24.6029591809041
17653,34922,0,0,1,0,"A_QG3337",7265840,13769986,24.6030028699119,50.8833705440667
1,1736,0,0,1,0,"A_QG3338",73463,1003471,0.0282413788207538,3.72895726473428
1379,2207,1,0,0,0,"A_QG3338",794949,1469109,1.19837268298063,10.4301001428462
2203,2673,0,0,0,1,"A_QG3338",1457818,1798989,10.2674947545419,14.1425980688981
2674,2921,0.5,0.5,0,0,"A_QG3338",1819950,2201745,14.2513409975352,15.9752103018168
2894,2979,0,0,1,0,"A_QG3338",2095543,2361265,15.6134097724851,16.5720603165973
2976,32244,0,1,0,0,"A_QG3338",2354627,11548834,16.5458992016699,31.1521389314272
32244,32759,0,0,0,1,"A_QG3338",11548834,11976578,31.1521389314272,33.7285932345672
32724,34922,0,0,1,0,"A_QG3338",11951113,13769986,33.5140608037225,50.8833705440667
1,29873,0,1,0,0,"A_QG3341",73463,10163976,0.0282413788207538,25.6126397012594
2423,32359,1,0,0,0,"A_QG3341",1684328,11723187,13.6429238318652,31.9747682458936
32354,33280,0,0,0,1,"A_QG3341",11720742,12496467,31.9747682397078,38.5050350518637
33281,33880,1,0,0,0,"A_QG3341",12499687,13283320,38.5269538201802,50.3563536886245
33837,34922,0,0,1,0,"A_QG3341",13250326,13769986,50.0909326762332,50.8833705440667
1,2144,1,0,0,0,"A_QG3342",73463,1312442,0.0282413788207538,7.66688802401895
1914,33880,0,1,0,0,"A_QG3342",1141027,13283320,5.10803909516678,50.3563536886245
33731,34922,0,0,0,1,"A_QG3342",13146897,13769986,47.8349448138259,50.8833705440667
1,2306,0,0,1,0,"A_QG3343",73463,1575891,0.0282413788207538,12.3379967348078
1869,29873,0,1,0,0,"A_QG3343",1062026,10163976,3.95432780222545,25.6126397012594
2423,32447,1,0,0,0,"A_QG3343",1684328,11804372,13.6429238318652,32.6868935662974
32347,33515,0,1,0,0,"A_QG3343",11701453,12885859,31.9277614471738,43.3985526488414
33429,33661,0,0,1,0,"A_QG3343",12694870,13046691,40.7001843058987,46.1320051018801
33657,34922,0.5,0.5,0,0,"A_QG3343",13030537,13769986,45.6632495538655,50.8833705440667
1,1623,0,0,0,1,"A_QG3344",73463,908386,0.0282413788207538,3.00817923936583
1619,2076,1,0,0,0,"A_QG3344",907445,1242515,2.99896341472653,6.62565083181583
1914,4302,0,1,0,0,"A_QG3344",1141027,3446206,5.10803909516678,20.9364281078756
4303,33515,0,0,0,1,"A_QG3344",3446443,12885859,20.936701903739,43.3985526488414
33468,34922,0.5,0.5,0,0,"A_QG3344",12818421,13769986,42.6325685505238,50.8833705440667
1,31894,1,0,0,0,"A_QG3345",73463,11210332,0.0282413788207538,28.22978824541
31895,31930,0,0,1,0,"A_QG3345",11216490,11242985,28.2780606462072,28.485754257627
31919,32285,0,1,0,0,"A_QG3345",11228164,11612992,28.3695728266079,31.4396448297337
32286,33099,0,0,0,1,"A_QG3345",11619922,12287529,31.477883693853,37.4557600322378
33050,33537,0,0,1,0,"A_QG3345",12244099,12906949,37.3173894985219,43.5923809512828
33525,34922,0,0,0,1,"A_QG3345",12900874,13769986,43.5389839255854,50.8833705440667
1,32091,1,0,0,0,"A_QG3346",73463,11409893,0.0282413788207538,30.2350796878657
32093,33880,1,0,0,0,"A_QG3346",11413194,13283320,30.265697232091,50.3563536886245
33837,34922,0,0,1,0,"A_QG3346",13250326,13769986,50.0909326762332,50.8833705440667
1,4494,1,0,0,0,"A_QG3348",73463,3589459,0.0282413788207538,21.3780621145064
4489,34922,0,0,1,0,"A_QG3348",3588811,13769986,21.3713677123798,50.8833705440667
1,1736,0,0,1,0,"A_QG3380",73463,1003471,0.0282413788207538,3.72895726473428
1379,2909,1,0,0,0,"A_QG3380",794949,2129869,1.19837268298063,15.7303488599772
2910,31089,0,0,0,1,"A_QG3380",2142605,10706858,15.7737368521202,25.9228838774222
31090,31093,1,0,0,0,"A_QG3380",10711825,10713126,25.9257224000164,25.9264658906335
31091,32964,0,0,0,1,"A_QG3380",10713124,12086123,25.926464747681,36.6743616517177
32912,34922,1,0,0,0,"A_QG3380",12064668,13769986,36.3392707670088,50.8833705440667
1,2207,0,0,1,0,"A_QG3381",73463,1469109,0.0282413788207538,10.4301001428462
2203,2663,1,0,0,0,"A_QG3381",1457818,1781901,10.2674947545419,14.0539477581042
2370,2854,0,0,0,1,"A_QG3381",1642254,2012793,13.4717257850604,15.3315036520523
2806,27265,0,0,1,0,"A_QG3381",1953931,9505637,15.1309772706515,24.870364915487
27266,33387,0,0,0,1,"A_QG3381",9506265,12594185,24.8704398791398,39.5924285530712
33316,34922,1,0,0,0,"A_QG3381",12531753,13769986,38.8978263138268,50.8833705440667
1,33428,1,0,0,0,"A_QG3383",73463,12679892,0.0282413788207538,40.5353934664902
33396,34922,0,0,0,1,"A_QG3383",12608022,13769986,39.7446658908263,50.8833705440667
1,29873,0,1,0,0,"A_QG3385",73463,10163976,0.0282413788207538,25.6126397012594
2423,32188,1,0,0,0,"A_QG3385",1684328,11479318,13.6429238318652,30.8061754702636
32188,33826,0,0,1,0,"A_QG3385",11479318,13242396,30.8061754702636,50.0234556822075
33731,34922,0.5,0.5,0,0,"A_QG3385",13146897,13769986,47.8349448138259,50.8833705440667
1,32256,0,0,0,1,"A_QG3387",73463,11573992,0.0282413788207538,31.2642457859773
32235,33264,1,0,0,0,"A_QG3387",11529407,12463544,31.0655700522101,38.3282515486849
33254,33954,0,0,0,1,"A_QG3387",12448442,13352113,38.2471597750006,50.6165766392729
33955,34922,0,0,1,0,"A_QG3387",13358400,13769986,50.6205906178727,50.8833705440667
1,2986,0,0,1,0,"A_QG3388",73463,2369021,0.0282413788207538,16.6026275970095
2986,33226,1,0,0,0,"A_QG3388",2369021,12425235,16.6026275970095,38.1225473533419
33203,34922,0,1,0,0,"A_QG3388",12409801,13769986,38.0396728708202,50.8833705440667
1,1874,0,0,0,1,"A_QG3389",73463,1072085,0.0282413788207538,3.99304357776338
1846,3391,0,0,1,0,"A_QG3389",1058037,2820935,3.93897466288547,20.1446632703545
3375,18446,0,0,0,1,"A_QG3389",2794523,7496943,20.1073079168861,24.6305893747686
18448,34922,0,0,0,1,"A_QG3389",7497667,13769986,24.6306757978333,50.8833705440667
1,1736,0,0,1,0,"A_QG3390",73463,1003471,0.0282413788207538,3.72895726473428
1379,23682,1,0,0,0,"A_QG3390",794949,8781000,1.19837268298063,24.7838658128365
23658,33515,0,0,0,1,"A_QG3390",8778041,12885859,24.7835126003387,43.3985526488414
33468,34922,0.5,0.5,0,0,"A_QG3390",12818421,13769986,42.6325685505238,50.8833705440667
1,2306,0,1,0,0,"A_QG3391",73463,1575891,0.0282413788207538,12.3379967348078
1871,2663,0,0,1,0,"A_QG3391",1062348,1781901,3.95556713811601,14.0539477581042
2370,2854,0,0,0,1,"A_QG3391",1642254,2012793,13.4717257850604,15.3315036520523
2806,34920,0,0,0.99,0,"A_QG3391",1953931,13769958,15.1309772706515,50.8833526672732
33468,34922,0.5,0.5,0,0,"A_QG3391",12818421,13769986,42.6325685505238,50.8833705440667
1,1736,0,0,1,0,"A_QG3392",73463,1003471,0.0282413788207538,3.72895726473428
1379,2746,1,0,0,0,"A_QG3392",794949,1869502,1.19837268298063,14.5084102976557
2339,34922,0,0,1,0,"A_QG3392",1606848,13769986,12.9051418910304,50.8833705440667
1,1736,0,0,1,0,"A_QG3394",73463,1003471,0.0282413788207538,3.72895726473428
1379,32223,1,0,0,0,"A_QG3394",794949,11519476,1.19837268298063,31.0213164083379
32221,33387,0,0,0,1,"A_QG3394",11519407,12594185,31.0210089366404,39.5924285530712
33383,33515,0.5,0,0.5,0,"A_QG3394",12592557,12885859,39.5745169836656,43.3985526488414
33468,33880,0,0,0,1,"A_QG3394",12818421,13283320,42.6325685505238,50.3563536886245
33731,34922,0.5,0.5,0,0,"A_QG3394",13146897,13769986,47.8349448138259,50.8833705440667
1,1298,0,0,1,0,"A_QG3395",73463,706817,0.0282413788207538,0.736694608219354
1288,2790,1,0,0,0,"A_QG3395",651198,1930225,0.445335364810064,15.0150665596195
2784,2908,0,0,0,1,"A_QG3395",1916323,2121055,14.8954286898719,15.7003220255906
2894,33515,0,1,0,0,"A_QG3395",2095543,12885859,15.6134097724851,43.3985526488414
33468,34922,0,0,0,1,"A_QG3395",12818421,13769986,42.6325685505238,50.8833705440667
1,2222,0,1,0,0,"A_QG3396",73463,1515692,0.0282413788207538,11.1009571797235
2209,33199,1,0,0,0,"A_QG3396",1502280,12403466,10.9078065758852,38.0056564235755
33193,34922,0,0,0,1,"A_QG3396",12393454,13769986,37.9547049790828,50.8833705440667
1,2854,0,0,0,1,"A_QG3397",73463,2012793,0.0282413788207538,15.3315036520523
2806,3045,0,0,1,0,"A_QG3397",1953931,2440568,15.1309772706515,17.2118863475699
3042,9103,0.5,0.5,0,0,"A_QG3397",2436124,4988567,17.1597892207285,24.3311673564198
4821,33515,0,0,1,0,"A_QG3397",3752224,12885859,22.1368745834322,43.3985526488414
32333,34922,1,0,0,0,"A_QG3397",11663904,13769986,31.7205708109809,50.8833705440667
1,2663,1,0,0,0,"A_QG3400",73463,1781901,0.0282413788207538,14.0539477581042
2370,2854,0,0,0,1,"A_QG3400",1642254,2012793,13.4717257850604,15.3315036520523
2806,34920,0,0,0.99,0,"A_QG3400",1953931,13769958,15.1309772706515,50.8833526672732
33468,34922,0.5,0.5,0,0,"A_QG3400",12818421,13769986,42.6325685505238,50.8833705440667
1,32339,1,0,0,0,"A_QG3403",73463,11691444,0.0282413788207538,31.8725330502084
32338,32359,0,1,0,0,"A_QG3403",11690676,11723187,31.8682953232757,31.9747682458936
32354,34922,0,0,0,1,"A_QG3403",11720742,13769986,31.9747682397078,50.8833705440667
1,1298,0,0,1,0,"A_QG3404",73463,706817,0.0282413788207538,0.736694608219354
1288,2157,1,0,0,0,"A_QG3404",651198,1350167,0.445335364810064,8.45826684308114
2155,2207,0,0,0,1,"A_QG3404",1347709,1469109,8.40077993232567,10.4301001428462
2203,29873,1,0,0,0,"A_QG3404",1457818,10163976,10.2674947545419,25.6126397012594
2423,34922,0,1,0,0,"A_QG3404",1684328,13769986,13.6429238318652,50.8833705440667
1,2201,1,0,0,0,"A_QG3405",73463,1429190,0.0282413788207538,9.85521355213495
2200,2792,0,0,1,0,"A_QG3405",1429154,1934746,9.85469510434654,15.0539733938253
2764,20433,0.5,0.5,0,0,"A_QG3405",1888650,7957451,14.6572803105363,24.6855596961342
20433,20435,0,0,0.5,0.5,"A_QG3405",7957451,7957501,24.6855596961342,24.6855656645779
20436,31119,1,0,0,0,"A_QG3405",7957551,10732424,24.6855716330216,25.937494239541
31119,34922,0,0,0,1,"A_QG3405",10732424,13769986,25.937494239541,50.8833705440667
1,2746,0,0,1,0,"A_QG3406",73463,1869502,0.0282413788207538,14.5084102976557
2339,9103,1,0,0,0,"A_QG3406",1606848,4988567,12.9051418910304,24.3311673564198
4821,33117,0,0,1,0,"A_QG3406",3752224,12311999,22.1368745834322,37.5710225561868
33106,33316,0,1,0,0,"A_QG3406",12295658,12531753,37.4940505535775,38.8978263138268
33315,34170,0,0,0,1,"A_QG3406",12531714,13492542,38.8973752433081,50.7062345048356
34172,34922,0,0,0,1,"A_QG3406",13493852,13769986,50.7070708833891,50.8833705440667
1,1736,0,0,1,0,"A_QG3408",73463,1003471,0.0282413788207538,3.72895726473428
1379,2805,1,0,0,0,"A_QG3408",794949,1951349,1.19837268298063,15.1221811183499
2797,12997,0,0,1,0,"A_QG3408",1937579,6062133,15.0752705772216,24.459317720859
12999,33515,0,0,1,0,"A_QG3408",6062876,12885859,24.4594064119323,43.3985526488414
32333,33826,1,0,0,0,"A_QG3408",11663904,13242396,31.7205708109809,50.0234556822075
33731,34922,0,0,1,0,"A_QG3408",13146897,13769986,47.8349448138259,50.8833705440667
1,29873,1,0,0,0,"A_QG3409",73463,10163976,0.0282413788207538,25.6126397012594
2423,32727,0,1,0,0,"A_QG3409",1684328,11957259,13.6429238318652,33.5658383933542
32472,34922,0,0,1,0,"A_QG3409",11813355,13769986,32.7230130327557,50.8833705440667
1,2673,0,0,0,1,"A_QG3410",73463,1798989,0.0282413788207538,14.1425980688981
2674,9103,0,0,1,0,"A_QG3410",1819950,4988567,14.2513409975352,24.3311673564198
4821,29471,0.5,0.5,0,0,"A_QG3410",3752224,10016313,22.1368745834322,25.5282538019577
29471,33515,0,0,1,0,"A_QG3410",10016313,12885859,25.5282538019577,43.3985526488414
32333,34922,1,0,0,0,"A_QG3410",11663904,13769986,31.7205708109809,50.8833705440667
1,34922,1,0,0,0,"A_QG3456",73463,13769986,0.0282413788207538,50.8833705440667
1,484,0,0,0,1,"A_QG3457",73463,384382,0.0282413788207538,0.292355868127065
393,2027,0,1,0,0,"A_QG3457",368505,1201855,0.289469484599756,6.21691292500073
2016,2170,0,0,0,1,"A_QG3457",1194475,1385340,6.13422761489928,9.20597238718344
2145,33826,0,0,1,0,"A_QG3457",1326885,13242396,7.93000030569392,50.0234556822075
33731,34922,0.5,0.5,0,0,"A_QG3457",13146897,13769986,47.8349448138259,50.8833705440667
1,1887,0,1,0,0,"A_QG3458",73463,1106552,0.0282413788207538,4.12570255335399
1883,2139,0,0,0,1,"A_QG3458",1096784,1292894,4.08810679876064,7.31077649025296
2094,21317,0.15,0.85,0.01,0,"A_QG3458",1253329,8206201,6.72951956460658,24.715252703508
21319,33639,1,0,0,0,"A_QG3458",8207209,13006661,24.7153730273329,45.0023999050142
33630,34922,0,0,1,0,"A_QG3458",12994966,13769986,44.7795878323193,50.8833705440667
1,635,0,0,1,0,"A_QG3463",73463,417408,0.0282413788207538,0.292355874726194
632,2157,0,0,0,1,"A_QG3463",414960,1350167,0.292355874237044,8.45826684308114
2155,33117,1,0,0,0,"A_QG3463",1347709,12311999,8.40077993232567,37.5710225561868
33106,33826,0,1,0,0,"A_QG3463",12295658,13242396,37.4940505535775,50.0234556822075
33731,34922,0,0,1,0,"A_QG3463",13146897,13769986,47.8349448138259,50.8833705440667
1,1784,0,0,1,0,"A_QG3464",73463,1039230,0.0282413788207538,3.86658897936406
1584,2139,0,1,0,0,"A_QG3464",898577,1292894,2.91211332662737,7.31077649025296
2094,33387,0,0,0,1,"A_QG3464",1253329,12594185,6.72951956460658,39.5924285530712
33316,34922,1,0,0,0,"A_QG3464",12531753,13769986,38.8978263138268,50.8833705440667
1,2076,1,0,0,0,"A_QG3465",73463,1242515,0.0282413788207538,6.62565083181583
1914,3030,0,0,1,0,"A_QG3465",1141027,2428400,5.10803909516678,17.0692405691258
3021,34922,0,0,0,1,"A_QG3465",2421253,13769986,16.9854561034337,50.8833705440667
1,1933,0,0,0,1,"A_QG3472",73463,1154155,0.0282413788207538,5.48685273966846
1931,29873,1,0,0,0,"A_QG3472",1153698,10163976,5.47366582349408,25.6126397012594
2423,33432,0,1,0,0,"A_QG3472",1684328,12699849,13.6429238318652,40.7667721146775
33433,34922,0,0,0,1,"A_QG3472",12711376,13769986,40.9593795855303,50.8833705440667
1,2076,1,0,0,0,"A_QG3473",73463,1242515,0.0282413788207538,6.62565083181583
1914,29873,0,1,0,0,"A_QG3473",1141027,10163976,5.10803909516678,25.6126397012594
2423,31816,1,0,0,0,"A_QG3473",1684328,11148457,13.6429238318652,27.7447517401601
31812,31876,0,0.5,0.5,0,"A_QG3473",11140526,11198667,27.6825808387761,28.1383466157738
31843,32404,0,0,0,1,"A_QG3473",11173011,11771391,27.9372299033909,32.5542812849592
32391,32964,0.5,0,0.5,0,"A_QG3473",11745012,12086123,32.2286969133266,36.6743616517177
32912,33191,0,0,0,1,"A_QG3473",12064668,12383265,36.3392707670088,37.9067111149015
33182,33277,0.5,0,0.5,0,"A_QG3473",12365405,12468848,37.8225840745366,38.3567319332446
33275,34922,0,1,0,0,"A_QG3473",12468760,13769986,38.3562594080106,50.8833705440667
1,1736,1,0,0,0,"A_QG3474",73463,1003471,0.0282413788207538,3.72895726473428
1584,29873,0,1,0,0,"A_QG3474",898577,10163976,2.91211332662737,25.6126397012594
2423,34922,1,0,0,0,"A_QG3474",1684328,13769986,13.6429238318652,50.8833705440667
1,1736,0,0,1,0,"A_QG3479",73463,1003471,0.0282413788207538,3.72895726473428
1379,4349,1,0,0,0,"A_QG3479",794949,3468327,1.19837268298063,20.9619835437177
4350,33880,0,0,0,1,"A_QG3479",3475386,13283320,20.970138501523,50.3563536886245
33731,34922,0.5,0.5,0,0,"A_QG3479",13146897,13769986,47.8349448138259,50.8833705440667
1,29926,1,0,0,0,"A_QG3480",73463,10190288,0.0282413788207538,25.6276763846698
29923,34922,0,0,0,1,"A_QG3480",10183727,13769986,25.6239269289137,50.8833705440667
1,2339,0,0,0,1,"A_QG3481",73463,1606848,0.0282413788207538,12.9051418910304
2192,2768,0,0,1,0,"A_QG3481",1410229,1898193,9.58107197329356,14.7394054861226
2767,5346,0,0,0,1,"A_QG3481",1898192,3924206,14.7393968803199,22.2578243970626
4877,23252,0,0,1,0,"A_QG3481",3763915,8683229,22.1586037757929,24.7721949986698
23249,34017,0,0,0,1,"A_QG3481",8681956,13393924,24.7720430420934,50.6432711611811
34015,34922,0.333333333333333,0.333333333333333,0.333333333333333,0,"A_QG3481",13392243,13769986,50.6421979151136,50.8833705440667
1,2306,0,1,0,0,"A_QG3483",73463,1575891,0.0282413788207538,12.3379967348078
2192,2854,0,0,0,1,"A_QG3483",1410229,2012793,9.58107197329356,15.3315036520523
2806,33880,0,0,0.99,0,"A_QG3483",1953931,13283320,15.1309772706515,50.3563536886245
33731,34922,0,0,0,1,"A_QG3483",13146897,13769986,47.8349448138259,50.8833705440667
1,2157,1,0,0,0,"A_QG3484",73463,1350167,0.0282413788207538,8.45826684308114
2155,29873,0,1,0,0,"A_QG3484",1347709,10163976,8.40077993232567,25.6126397012594
2423,34922,1,0,0,0,"A_QG3484",1684328,13769986,13.6429238318652,50.8833705440667
1,29873,1,0,0,0,"A_QG3485",73463,10163976,0.0282413788207538,25.6126397012594
2423,33115,0,1,0,0,"A_QG3485",1684328,12309688,13.6429238318652,37.5601369128339
33083,34922,0,0,0,1,"A_QG3485",12278231,13769986,37.4190500643063,50.8833705440667
1,2207,1,0,0,0,"A_QG3489",73463,1469109,0.0282413788207538,10.4301001428462
2203,29873,0,1,0,0,"A_QG3489",1457818,10163976,10.2674947545419,25.6126397012594
2423,33099,1,0,0,0,"A_QG3489",1684328,12287529,13.6429238318652,37.4557600322378
33050,33678,0,0,0,1,"A_QG3489",12244099,13078078,37.3173894985219,46.9182473951163
33673,34922,0.5,0.5,0,0,"A_QG3489",13074472,13769986,46.8596045735587,50.8833705440667
1,4306,0,0,1,0,"A_QG3494",73463,3447015,0.0282413788207538,20.937362710633
4264,34922,0,0,0,1,"A_QG3494",3413089,13769986,20.8981694681766,50.8833705440667
1,2306,0,0,0,1,"A_QG3502",73463,1575891,0.0282413788207538,12.3379967348078
2192,29873,0,1,0,0,"A_QG3502",1410229,10163976,9.58107197329356,25.6126397012594
2423,32727,1,0,0,0,"A_QG3502",1684328,11957259,13.6429238318652,33.5658383933542
32472,34922,0,1,0,0,"A_QG3502",11813355,13769986,32.7230130327557,50.8833705440667
1,2663,0,0,0,1,"A_QG3506",73463,1781901,0.0282413788207538,14.0539477581042
2370,5346,0,0,1,0,"A_QG3506",1642254,3924206,13.4717257850604,22.2578243970626
4877,31332,0,0,0,1,"A_QG3506",3763915,10800484,22.1586037757929,26.4354118655203
31331,31335,0,0.5,0.5,0,"A_QG3506",10798467,10805622,26.4038386526941,26.5043351869471
31334,31889,0,0,0,1,"A_QG3506",10800722,11206397,26.4391374107125,28.1989418834196
31740,33428,1,0,0,0,"A_QG3506",11103913,12679892,27.3955724902231,40.5353934664902
33396,34922,0,0,0,1,"A_QG3506",12608022,13769986,39.7446658908263,50.8833705440667
1,1736,1,0,0,0,"A_QG3509",73463,1003471,0.0282413788207538,3.72895726473428
1379,1872,0,0,1,0,"A_QG3509",794949,1062841,1.19837268298063,3.95746463064412
1873,12513,1,0,0,0,"A_QG3509",1070749,5838225,3.98790148847829,24.4325900750498
12513,12514,0,0,0.5,0.5,"A_QG3509",5838225,5838429,24.4325900750498,24.4326144263001
12515,33515,1,0,0,0,"A_QG3509",5838519,12885859,24.4326251694987,43.3985526488414
32333,33891,0,0,1,0,"A_QG3509",11663904,13287688,31.7205708109809,50.3914921678063
33837,34922,0,0,0,1,"A_QG3509",13250326,13769986,50.0909326762332,50.8833705440667
1,5346,1,0,0,0,"A_QG3510",73463,3924206,0.0282413788207538,22.2578243970626
4877,34922,0,0,0,1,"A_QG3510",3763915,13769986,22.1586037757929,50.8833705440667
1,3743,1,0,0,0,"A_QG3086",73463,3120168,0.0282413788207538,20.5597704888218
3742,33915,0,0,1,0,"A_QG3086",3120143,13305195,20.5597416074016,50.5323276428604
33900,34922,0.5,0.5,0,0,"A_QG3086",13294453,13769986,50.4459133701106,50.8833705440667
1,32684,1,0,0,0,"A_QG3087",73463,11889258,0.0282413788207538,33.0282090544171
32408,33429,0,0,0,1,"A_QG3087",11774116,12694870,32.5652381530543,40.7001843058987
33430,33615,0,0,1,0,"A_QG3087",12699636,12974654,40.7632130454234,44.392605462026
33541,33640,0,0,0,1,"A_QG3087",12912752,13012644,43.6433871965704,45.1163874749957
33640,34922,0,0,1,0,"A_QG3087",13012644,13769986,45.1163874749957,50.8833705440667
1,33029,0,0,1,0,"A_QG3090",73463,12201023,0.0282413788207538,37.1890896470123
33030,33279,0,1,0,0,"A_QG3090",12203336,12491287,37.1959788093426,38.4772204983155
33280,34025,1,0,0,0,"A_QG3090",12496467,13436467,38.5050350518637,50.6704330335481
34026,34922,0,0,0,1,"A_QG3090",13438166,13769986,50.67151777184,50.8833705440667
1,1784,0,0,1,0,"A_QG3091",73463,1039230,0.0282413788207538,3.86658897936406
1584,2892,0,1,0,0,"A_QG3091",898577,2074120,2.91211332662737,15.5404275994575
2893,2908,0,0,0.5,0.5,"A_QG3091",2079687,2121055,15.5593928124176,15.7003220255906
2894,34922,0,1,0,0,"A_QG3091",2095543,13769986,15.6134097724851,50.8833705440667
1,2663,1,0,0,0,"A_QG3092",73463,1781901,0.0282413788207538,14.0539477581042
2370,3537,0,0,0,1,"A_QG3092",1642254,2926446,13.4717257850604,20.2938909206576
3522,27930,0.5,0.5,0,0,"A_QG3092",2911284,9654066,20.2724468092958,25.1170155557664
27930,27931,0,0,0,1,"A_QG3092",9654066,9654812,25.1170155557664,25.1183659335794
27932,32727,1,0,0,0,"A_QG3092",9655057,11957259,25.1188094222714,33.5658383933542
32472,33515,0,1,0,0,"A_QG3092",11813355,12885859,32.7230130327557,43.3985526488414
33429,34922,0,0,1,0,"A_QG3092",12694870,13769986,40.7001843058987,50.8833705440667
1,2751,0,1,0,0,"A_QG3488",73463,1874564,0.0282413788207538,14.5360589730839
2747,32370,0,0,0,1,"A_QG3488",1874537,11730985,14.5358266164098,31.9955453007255
32368,34922,0,1,0,0,"A_QG3488",11730615,13769986,31.9893952973989,50.8833705440667
